
INSERT INTO MANAGER (`MANAGER_ID`,`MANAGER_Fname`,`MANAGER_Lname`,`MANAGER_EMAIL`,`MANAGER_PASSWORD`,`MANAGEMENT_TYPE`,`AREA_OF_MANAGEMENT`) VALUES (1,"Robert","Stevenson","nulla.Donec@magnaSedeu.org",563107,"Delivery","NV"),(2,"Eaton","Schultz","Pellentesque.habitant.morbi@Fusce.net",686078,"Store","Pennsylvania"),(3,"Brady","Wood","egestas.ligula.Nullam@facilisismagna.com",271787,"Store","LA"),(4,"Colin","Chambers","lectus@interdumfeugiat.ca",692255,"Store","Indiana"),(5,"Leigh","Gibbs","quis.tristique.ac@egestasa.org",914696,"Delivery","Ohio"),(6,"Anjolie","Frost","faucibus@metusAliquamerat.co.uk",718540,"Store","Connecticut"),(7,"Lucian","Morton","bibendum.sed.est@Curabiturconsequatlectus.org",756657,"Store","Oregon"),(8,"Uriel","Bruce","blandit.Nam.nulla@vulputate.com",117024,"Delivery","MO"),(9,"Petra","Dean","arcu@euenimEtiam.ca",576651,"Delivery","IN"),(10,"Rebecca","Berger","vitae.dolor.Donec@musProin.ca",868919,"Store","FL");
INSERT INTO MANAGER (`MANAGER_ID`,`MANAGER_Fname`,`MANAGER_Lname`,`MANAGER_EMAIL`,`MANAGER_PASSWORD`,`MANAGEMENT_TYPE`,`AREA_OF_MANAGEMENT`) VALUES (11,"Salvador","Rowland","eu.nulla.at@Maecenasornareegestas.org",380022,"Store","NV"),(12,"Melvin","Henry","Nam.nulla@Quisqueporttitoreros.co.uk",830331,"Store","IN"),(13,"Sonia","Rivas","Donec@nislarcuiaculis.co.uk",969954,"Delivery","TX"),(14,"Hayden","Carney","quis@utipsumac.ca",418349,"Delivery","Wyoming"),(15,"Mollie","Madden","lorem@viverraDonectempus.com",490097,"Delivery","Tennessee"),(16,"Giacomo","Brown","posuere@metuseuerat.ca",637276,"Delivery","Connecticut"),(17,"Xyla","Campbell","mollis@idrisus.net",230138,"Delivery","Mississippi"),(18,"Deirdre","Dillard","vel@etlacinia.co.uk",450746,"Delivery","Maine"),(19,"Vladimir","Witt","Proin@laoreetlectusquis.ca",558865,"Store","Minnesota"),(20,"Cassandra","Rush","ante@eu.com",264558,"Store","CT");


INSERT INTO DENTIST (`DENTIST_ID`,`DENTIST_Fname`,`DENTIST_LNAME`,`DENTIST_EMAIL`,`DENTIST_PASSWORD`,`DENTIST_PHONE_NUMBER`,`DENTIST_ADDRESS`,`DENTIST_ZIP_CODE`,`DENTIST_REGION`,`DENTIST_CITY`,`DENTIST_CREDIT_CARD_NUMBER`) VALUES (1,"Thor","Manning","cursus@lectus.org",4415267,"(734) 841-7355","8729 Pede, Rd.","53752","TX","Dallas","4716 965 64 2579"),(2,"Celeste","Mills","nisl.sem.consequat@blandit.ca",5256841,"(155) 175-8625","683 Est Road","37257","LA","Shreveport","4929 8525 3769 5524"),(3,"Marsden","Vazquez","rutrum@molestieintempus.ca",7117365,"(907) 178-8847","391-1496 Massa. Rd.","63212","Kansas","Kansas City","4024 0071 2521 6563"),(4,"Nash","Guy","elit.Etiam@vehiculaetrutrum.ca",4124026,"(757) 371-6600","Ap #687-5123 Malesuada Rd.","68334","Florida","Tallahassee","4916 619 73 9512"),(5,"Jonah","Haley","Nunc.ac@non.com",8919580,"(697) 367-0790","155-9764 Augue Rd.","33008","Virginia","Richmond","4485 726 42 8740"),(6,"Anthony","Mcintosh","dictum.magna@ligulaNullamfeugiat.com",1467572,"(956) 839-4481","693-4900 Fermentum Rd.","88431","LA","Lafayette","4539 436 20 8881"),(7,"Conan","Hernandez","congue.In@Integertincidunt.net",9171653,"(769) 930-1444","P.O. Box 239, 5964 Tempus Rd.","85672","Arizona","Chandler","4916 226 95 3027"),(8,"Timon","Walls","nec@vitaesemper.org",1899410,"(463) 885-1650","586-497 Egestas. Av.","90417","CA","Sacramento","491613 6692834291"),(9,"Brianna","Golden","ac@elementum.org",7477419,"(824) 199-8691","P.O. Box 590, 9654 Est St.","85614","Arizona","Phoenix","402 40071 91146 876"),(10,"Nayda","Golden","ornare@auctorMauris.org",2771544,"(789) 533-3333","Ap #787-2861 Vitae, Av.","96656","Kentucky","Lexington","4716 330 09 7095");
INSERT INTO DENTIST (`DENTIST_ID`,`DENTIST_Fname`,`DENTIST_LNAME`,`DENTIST_EMAIL`,`DENTIST_PASSWORD`,`DENTIST_PHONE_NUMBER`,`DENTIST_ADDRESS`,`DENTIST_ZIP_CODE`,`DENTIST_REGION`,`DENTIST_CITY`,`DENTIST_CREDIT_CARD_NUMBER`) VALUES (11,"Chava","Logan","sed.sem@mi.net",5273884,"(282) 764-5787","Ap #531-7353 Molestie Rd.","38940","Florida","Miami","4556762763183535"),(12,"Regan","Kelly","porttitor.tellus@diamProin.net",4234586,"(736) 593-8289","Ap #412-8801 Eu Street","59074","CO","Denver","4929 132 30 4003"),(13,"Melyssa","Norton","bibendum@elementum.co.uk",6882845,"(224) 361-2624","Ap #810-4485 Cubilia St.","96908","ID","Nampa","4556333199924031"),(14,"Doris","Norton","Phasellus.dapibus@orciUt.co.uk",3681296,"(783) 616-5683","215-1591 Ultrices Ave","48714","PA","Allentown","4024 007 15 8500"),(15,"Miranda","Evans","a.enim@Donecluctusaliquet.net",6498246,"(572) 220-9564","P.O. Box 530, 2398 Viverra. Rd.","35326","AL","Birmingham","4024 0071 9705 7259"),(16,"Porter","Acevedo","lectus@gravida.co.uk",2805360,"(292) 316-9937","Ap #116-6920 Mauris Avenue","67415","WI","Madison","471626 7327770634"),(17,"Amber","Riddle","orci.Donec.nibh@netusetmalesuada.net",1701692,"(768) 867-7229","2742 Nec Avenue","13506","WA","Spokane","4024007123426198"),(18,"Aidan","Daugherty","nulla.Integer@eu.com",6805777,"(428) 391-7381","7604 Neque Road","99194","NV","Paradise","4929018898805"),(19,"Lillith","Parrish","malesuada@duiquisaccumsan.org",1088190,"(163) 547-5200","P.O. Box 704, 6889 Primis Ave","51164","NE","Omaha","4916892779164719"),(20,"Benedict","Vega","neque.tellus@aliquet.org",8078678,"(278) 991-8951","P.O. Box 230, 2253 Nec, Ave","32868","Pennsylvania","Harrisburg","4716424104724");


INSERT INTO Delivery (`DELIVERY_ID`,`DELIVERY_Fname`,`DELIVERY_Lname`,`DELIVERY_EMAIL`,`DELIVERY_PASSWORD`,`DELIVERY_PHONE_NUMBER`,`DELIVERY_CREDIT_CARD_NUMBER`,`AREA`,`VECHILE_LICENCE`,`VECHILE_MODEL`,`RATE`,`AVAILABLE`,`NUMBER_OF_DORDERS`) VALUES (1,"Evan","Reid","facilisis.vitae@Proinvel.net",438146,"(407) 864-6049","492969 208235 7736","WY",57453091,"Nissan Magnite",0,1,0),(2,"Ali","Burt","Vestibulum@Mauris.net",207577,"(356) 784-7740","4485 241 19 9404","Nevada",96148182,"2020 Hyundai Palisade",0,1,0),(3,"Aphrodite","Clemons","a@Donecdignissim.com",715543,"(467) 262-8895","4024 007 17 4713","OK",24647069,"2020 Subaru Outback",0,1,0),(4,"Sloane","Rose","vitae.aliquet.nec@Vestibulum.net",272206,"(596) 625-1831","4916 583 48 2925","ID",86277884,"2020 Subaru Outback",0,1,0),(5,"Guy","Wagner","et@Maurisquisturpis.com",371518,"(806) 108-5491","4929 772 53 0560","Utah",57827761,"2020 Jeep Gladiator",0,1,0),(6,"Bruce","Booth","convallis.est@neque.edu",489829,"(565) 716-1221","4024 007 18 4845","OH",18960834,"Maruti Suzuki Alto 800",0,1,0),(7,"Amos","Morrison","dolor.egestas.rhoncus@amalesuada.edu",813672,"(230) 782-0438","453204 241187 5983","KY",21842185,"2020 Jeep Gladiator",0,1,0),(8,"Gavin","Park","purus.accumsan.interdum@dui.co.uk",918862,"(564) 611-1308","402 40071 16384 735","Delaware",75118305,"2020 Subaru Outback",0,1,0),(9,"Aphrodite","Lowe","massa@ultrices.edu",245218,"(289) 665-1544","4434 754 05 1321","WI",91102403,"2020 Hyundai Palisade",0,1,0),(10,"Luke","Long","ridiculus.mus@facilisis.net",872981,"(284) 953-2425","4539 657 76 2723","AR",77188672,"Nissan Magnite",0,1,0);
INSERT INTO Delivery (`DELIVERY_ID`,`DELIVERY_Fname`,`DELIVERY_Lname`,`DELIVERY_EMAIL`,`DELIVERY_PASSWORD`,`DELIVERY_PHONE_NUMBER`,`DELIVERY_CREDIT_CARD_NUMBER`,`AREA`,`VECHILE_LICENCE`,`VECHILE_MODEL`,`RATE`,`AVAILABLE`,`NUMBER_OF_DORDERS`) VALUES (11,"Quemby","Vincent","nec.urna@Proinvel.ca",387871,"(159) 871-9359","4485551270571","MD",93437091,"2020 Hyundai Palisade",0,1,0),(12,"Nerea","Atkinson","eget@lectus.ca",473729,"(509) 350-7698","4716161968188620","Massachusetts",90480710,"2020 Jeep Gladiator",0,1,0),(13,"Oprah","Waller","elementum@turpisnon.net",416024,"(464) 422-3887","4485075043504","Kentucky",11195664,"2020 Subaru Outback",0,1,0),(14,"Cassandra","Cox","molestie.in.tempus@nequeNullam.com",673726,"(257) 818-9945","4539 665 90 1388","PA",61878987,"Maruti Suzuki Alto 800",0,1,0),(15,"Chaney","Graham","a.scelerisque.sed@pede.com",658739,"(348) 124-2966","471617 2672232406","KS",20041393,"New Mahindra Thar 2020",0,1,0),(16,"Frances","Melton","sem.egestas.blandit@bibendum.edu",550320,"(576) 570-0554","4539333767047","Florida",82046363,"New Mahindra Thar 2020",0,1,0),(17,"Rana","Delgado","tincidunt.adipiscing@lectusrutrum.net",999805,"(975) 950-7728","448543 4408883905","Nebraska",38992996,"2020 Jeep Gladiator",0,1,0),(18,"Hedley","Schneider","vel.turpis.Aliquam@interdumligula.co.uk",314534,"(641) 416-8526","4539 507 99 8055","Florida",38911220,"Nissan Magnite",0,1,0),(19,"Nigel","Castro","purus.mauris@estNunc.co.uk",717777,"(155) 853-9404","4539642893849","NE",71932267,"2020 Jeep Gladiator",0,1,0),(20,"Clio","Burks","aliquet@sociisnatoquepenatibus.org",766752,"(308) 298-3558","4556635917520812","AR",38589834,"2020 Subaru Outback",0,1,0);
INSERT INTO DELIVERY_VERIFICATION (`DELIVERY_VERIFICATION_ID`,`DELIVERY_ID`) VALUES (1,1),(2,2),(3,3),(4,4),(5,5),(6,6),(7,7),(8,8),(9,9),(10,10);
INSERT INTO DELIVERY_VERIFICATION (`DELIVERY_VERIFICATION_ID`,`DELIVERY_ID`) VALUES (11,11),(12,12),(13,13),(14,14),(15,15),(16,16),(17,17),(18,18),(19,19),(20,20);


iNSERT INTO STORE (`STORE_ID`,`STORE_NAME`,`EMAIL`,`PASSWORD`,`PHONE_NUMBER`,`CREDIT_CARD_NUMBER`) VALUES (1,"Vel Consulting","urna.et@Nunclaoreet.ca",191216,"(704) 221-6305","4539132142040552"),(2,"Metus Sit LLP","sollicitudin.adipiscing@nasceturridiculusmus.com",424216,"(988) 863-0472","4485115282328"),(3,"Amet Consectetuer Inc.","tincidunt.vehicula.risus@inaliquetlobortis.org",966917,"(144) 382-3331","402 40071 17813 831"),(4,"Diam Luctus Ltd","sodales.Mauris.blandit@odio.org",905133,"(599) 926-3447","453279 4807480758"),(5,"Lorem Ipsum Ltd","pharetra.nibh.Aliquam@taciti.net",255361,"(358) 951-9055","4410423929303"),(6,"Vulputate Mauris Inc.","Curabitur.egestas@scelerisquescelerisquedui.org",779078,"(841) 653-9761","4929040399517"),(7,"Etiam Gravida Molestie Inc.","amet@vulputate.org",778442,"(365) 329-1102","491618 049551 1763"),(8,"Ante Inc.","Donec@Donecest.edu",536981,"(848) 848-8095","453933 2126887727"),(9,"Tincidunt Nunc Incorporated","lacus@adipiscingelitAliquam.ca",316776,"(634) 873-5400","4929950120027210"),(10,"Interdum Curabitur Dictum Ltd","Donec.luctus.aliquet@molestiearcuSed.edu",495535,"(108) 431-0053","4539245852499");
INSERT INTO STORE (`STORE_ID`,`STORE_NAME`,`EMAIL`,`PASSWORD`,`PHONE_NUMBER`,`CREDIT_CARD_NUMBER`) VALUES (11,"Nunc Nulla Vulputate Institute","urna.nec@quam.com",310605,"(223) 488-5365","4024 007 18 1551"),(12,"Lacus Consulting","luctus.Curabitur.egestas@porttitorinterdumSed.co.uk",522526,"(157) 248-8809","448570 9142578980"),(13,"Erat PC","Fusce@maurisInteger.ca",263682,"(144) 108-8685","4556 2333 1035 1660"),(14,"Sagittis Placerat Cras Company","natoque.penatibus.et@lorem.org",212831,"(125) 330-9871","453282 979456 3255"),(15,"Nec Tellus Nunc Institute","mi@euismod.edu",115875,"(612) 866-9798","4024007100239"),(16,"Eleifend Corp.","rhoncus@sagittisfelisDonec.net",555707,"(830) 659-8376","4916262425575"),(17,"Vel Limited","ipsum@ut.com",575808,"(211) 706-4350","4800 0160 3103 7005"),(18,"Consectetuer Ipsum Nunc Company","amet@etultricesposuere.org",950880,"(411) 931-7311","4024007193408"),(19,"Mi Pede Inc.","consequat.dolor.vitae@aliquamerosturpis.net",358049,"(147) 594-6116","4929335056373996"),(20,"Sollicitudin Industries","pede@diam.net",929297,"(284) 796-4554","4539 574 46 9949");
INSERT INTO STORE_BRANCH (`STORE_ID`,`ADDRESS`,`REGION`,`CITY`,`ZIP_CODE`) VALUES (1,"Ap #108-7151 Suspendisse St.","Hawaii","Kapolei","86054"),(2,"P.O. Box 877, 2328 Ac, St.","GA","Atlanta","65160"),(3,"4407 Arcu Av.","California","Los Angeles","92337"),(4,"1245 Nunc, Avenue","Pennsylvania","Philadelphia","44133"),(5,"Ap #581-400 Cras Ave","CA","San Jose","90052"),(6,"397-824 Et Rd.","Indiana","South Bend","60881"),(7,"Ap #583-935 Maecenas St.","MN","Duluth","95903"),(8,"1230 Cursus. Avenue","MI","Detroit","40034"),(9,"Ap #816-855 Mauris Avenue","Alabama","Montgomery","36984"),(10,"Ap #346-3735 Mi Avenue","IN","Gary","87865");
INSERT INTO STORE_BRANCH (`STORE_ID`,`ADDRESS`,`REGION`,`CITY`,`ZIP_CODE`) VALUES (11,"2516 Ornare Avenue","WY","Cheyenne","91671"),(12,"Ap #789-232 Sapien. Av.","Virginia","Norfolk","41373"),(13,"5592 Vivamus Ave","ME","South Portland","41437"),(14,"9944 Nisl. St.","Tennessee","Memphis","56152"),(15,"6686 Auctor Av.","CA","San Diego","91056"),(16,"P.O. Box 634, 421 Tellus Road","MT","Billings","11310"),(17,"Ap #230-7265 Eu Avenue","Virginia","Chesapeake","41450"),(18,"Ap #817-8563 Turpis Street","KS","Kansas City","90649"),(19,"734-5953 Quis, Road","IA","Sioux City","26584"),(20,"405-1483 Lacus. St.","Montana","Missoula","61388");
INSERT INTO STORE_VERIFICATION (`STORE_VERIFICATION_ID`,`Store_branch_id`) VALUES (1,1),(2,2),(3,3),(4,4),(5,5),(6,6),(7,7),(8,8),(9,9),(10,10);
INSERT INTO STORE_VERIFICATION (`STORE_VERIFICATION_ID`,`Store_branch_id`) VALUES (11,11),(12,12),(13,13),(14,14),(15,15),(16,16),(17,17),(18,18),(19,19),(20,20);


INSERT INTO PRODUCT (`PRODUCT_ID`,`PRODUCT_NAME`,`PRICE`,`SELLING_PRICE`,`NUMBER_OF_UNITS`,`STORE_ID`,`RATE`,`NO_OF_REVIEWERS`,`CATEGORY`,`Brand`,`DESCRIPTION`) VALUES (1,"Light Curing O-Light + OMNICHROMA",1140,2314,10,9,1,4,"Aenean sed","et","eu tellus eu"),(2,"ABU SAMRA DENTAL UNIT MAS 7",1027,2681,14,9,1,6,"eget, ipsum.","Mauris vestibulum,","vitae mauris sit amet lorem semper auctor. Mauris vel turpis. Aliquam adipiscing lobortis risus. In mi pede,"),(3,"Light Curing O-Light + OMNICHROMA",1526,2021,5,2,2,10,"odio,","Phasellus","quis, tristique ac, eleifend vitae, erat. Vivamus nisi. Mauris nulla. Integer urna. Vivamus"),(4,"ABU SAMRA NARDI-ITALY DENTAL COMPRESSOR",1375,2105,6,5,2,1,"In scelerisque","Sed et libero.","gravida. Praesent eu nulla at sem molestie"),(5,"ACTEON Sopix 2 sensor Size 1",1059,2766,16,20,0,9,"et, rutrum","risus,","Etiam laoreet,"),(6,"ABU SAMRA K5 ULTRASONIC SCALAR",1690,2938,4,10,1,9,"pede.","commodo","orci, adipiscing non,"),(7,"ABU SAMRA BUILT-IN ULTRASONIC SCALAR – L2 LED",1041,2096,18,9,2,4,"sapien molestie","blandit congue.","nunc. In at pede. Cras vulputate velit eu sem. Pellentesque ut ipsum ac mi eleifend egestas. Sed pharetra, felis"),(8,"Apple Handpiece Contra angle for implant",1210,2277,17,16,1,3,"lorem","mauris","ipsum. Suspendisse non leo. Vivamus nibh dolor, nonummy ac, feugiat"),(9,"ACTEON SATELEC MINILED STANDARD",1988,2664,17,12,2,3,"et ultrices","orci lobortis augue","Curabitur vel lectus. Cum sociis natoque penatibus et magnis dis parturient montes, nascetur ridiculus mus. Donec dignissim magna a tortor."),(10,"",1989,2359,7,6,0,9,"Ut","erat","urna suscipit nonummy. Fusce fermentum fermentum arcu. Vestibulum ante ipsum");
INSERT INTO PRODUCT (`PRODUCT_ID`,`PRODUCT_NAME`,`PRICE`,`SELLING_PRICE`,`NUMBER_OF_UNITS`,`STORE_ID`,`RATE`,`NO_OF_REVIEWERS`,`CATEGORY`,`Brand`,`DESCRIPTION`) VALUES (11,"COXO C-Smart Mini AP",1426,2127,15,15,2,4,"molestie","ac ipsum. Phasellus","nonummy ipsum"),(12,"COXO C-Smart I Endomotors",1408,2524,8,13,0,7,"fames","malesuada fames ac","sem egestas blandit. Nam"),(13,"Apple Handpiece high Speed LED",1999,2122,18,15,0,4,"ut cursus","amet","risus. Morbi metus. Vivamus euismod urna. Nullam"),(14,"True Dent Endo Motor",1373,2408,16,13,0,3,"augue malesuada","lacus.","Aliquam fringilla cursus purus. Nullam scelerisque neque sed sem egestas blandit. Nam nulla magna, malesuada vel,"),(15,"ACTEON SATELEC MINILED SUPERCHARGED",1606,2777,7,18,1,7,"euismod et,","pede et risus.","et netus et malesuada fames ac turpis egestas. Fusce aliquet magna a neque. Nullam"),(16,"ABU SAMRA DENTAL UNIT MAS 7",1097,2383,14,13,1,7,"hendrerit a,","amet risus. Donec","non"),(17,"APLLE CAM",1300,2120,18,16,0,9,"eleifend egestas.","lobortis,","Quisque"),(18,"3M APLICAP APPLIER AND ACTIVATOR PACK",1517,2082,11,19,1,8,"fermentum vel,","a,","ultrices, mauris ipsum porta elit, a feugiat"),(19,"Light Cure I Led + OMNICHROMA",1030,2044,5,20,2,6,"erat semper","Curabitur ut","et, rutrum non, hendrerit id, ante. Nunc mauris sapien, cursus in, hendrerit consectetuer, cursus et,"),(20,"AIR PROPHY JET + powder",1900,2351,6,11,2,10,"ullamcorper, velit","ac","Duis gravida. Praesent eu nulla at sem molestie sodales. Mauris blandit enim consequat purus.");
INSERT INTO PRODUCT (`PRODUCT_ID`,`PRODUCT_NAME`,`PRICE`,`SELLING_PRICE`,`NUMBER_OF_UNITS`,`STORE_ID`,`RATE`,`NO_OF_REVIEWERS`,`CATEGORY`,`Brand`,`DESCRIPTION`) VALUES (21,"Light Curing O-Light + OMNICHROMA",1067,2390,9,11,1,9,"ut","ligula.","sodales. Mauris blandit enim consequat purus. Maecenas libero est, congue a, aliquet vel, vulputate eu, odio. Phasellus"),(22,"Light Curing O-Light + OMNICHROMA",1271,2023,5,1,1,5,"ipsum primis","eu, accumsan sed,","turpis egestas. Aliquam fringilla cursus purus. Nullam scelerisque neque sed sem"),(23,"ABU SAMRA K5 ULTRASONIC SCALAR",1427,2875,12,16,2,1,"mi, ac","nunc interdum feugiat.","a odio semper"),(24,"3M PENTAMIX LITE 230V",1897,2644,15,5,2,9,"Quisque","arcu. Morbi","nascetur ridiculus mus. Donec dignissim magna a tortor. Nunc commodo auctor"),(25,"ABU SAMRA DENTAL UNIT MAS 7",1719,2577,10,2,0,9,"quis","tempus mauris erat","Aenean eget magna. Suspendisse tristique neque venenatis lacus. Etiam bibendum fermentum metus. Aenean sed"),(26,"ABU SAMRA DENTAL UNIT MAS 7",1422,2735,10,8,1,2,"erat nonummy","lorem","arcu. Vestibulum ut eros non enim"),(27,"Light Cure I Led + OMNICHROMA",1787,2888,8,11,2,1,"enim.","libero nec","Nunc laoreet lectus quis massa. Mauris vestibulum, neque sed dictum eleifend, nunc risus varius"),(28,"Ceramic ENDO MOTOR",1888,2778,6,18,1,4,"cursus in,","lectus","Duis mi enim, condimentum eget,"),(29,"APLLE CAM",1235,2773,11,12,1,9,"in","In scelerisque","lacinia vitae, sodales at, velit. Pellentesque ultricies dignissim lacus. Aliquam rutrum lorem ac risus. Morbi metus. Vivamus euismod"),(30,"ABU SAMRA DENTAL UNIT MICKEY",1821,2309,8,4,2,5,"magna","eu lacus. Quisque","vitae odio sagittis semper. Nam tempor");
INSERT INTO PRODUCT (`PRODUCT_ID`,`PRODUCT_NAME`,`PRICE`,`SELLING_PRICE`,`NUMBER_OF_UNITS`,`STORE_ID`,`RATE`,`NO_OF_REVIEWERS`,`CATEGORY`,`Brand`,`DESCRIPTION`) VALUES (31,"3M Light Cure Elipar Deepcure",1973,2982,18,13,0,4,"rhoncus.","mauris ipsum","vulputate, risus a ultricies adipiscing, enim mi tempor lorem, eget mollis lectus pede et risus. Quisque libero lacus, varius et,"),(32,"Apple Handpiece Contra angle for implant",1239,2816,3,8,2,3,"turpis egestas.","magna nec","sit amet nulla. Donec non justo. Proin non massa non ante bibendum ullamcorper. Duis cursus, diam at pretium aliquet, metus"),(33,"ACTEON SATELEC MINILED SUPERCHARGED",1882,2669,19,14,1,4,"Cras","a,","egestas nunc sed libero. Proin sed turpis nec mauris blandit mattis. Cras eget nisi dictum augue malesuada"),(34,"Light Curing O-Light + OMNICHROMA",1390,2444,4,5,2,9,"Nam porttitor","tempor, est ac","habitant morbi tristique senectus et netus et"),(35,"ACTEON SATELEC MINILED STANDARD",1863,2748,19,5,1,5,"Lorem ipsum","ac libero","ut odio vel est tempor"),(36,"Light Curing LED F + OMNICHROMA",1029,2740,19,3,0,10,"ultricies ligula.","Duis a","cursus luctus, ipsum leo elementum sem, vitae aliquam eros turpis non enim. Mauris quis turpis vitae purus gravida sagittis. Duis"),(37,"Apple Handpiece high Speed LED",1172,2839,11,13,2,8,"aliquet lobortis,","auctor. Mauris vel","magna. Nam ligula elit, pretium et, rutrum non, hendrerit"),(38,"ACTEON SATELEC MINILED SUPERCHARGED",1440,2661,8,6,0,2,"tincidunt congue","blandit congue.","Sed pharetra, felis eget varius"),(39,"BOMEDENT APEX LOCATOR",1265,2210,8,1,1,5,"lectus","fringilla est.","eros turpis non enim. Mauris quis turpis vitae purus gravida sagittis. Duis"),(40,"AMALGAMETOR",1509,2168,3,14,2,6,"mi,","mi","a, facilisis");




INSERT INTO DENTIST(DENTIST_Fname, DENTIST_LNAME, DENTIST_EMAIL, DENTIST_PASSWORD, DENTIST_PHONE_NUMBER, DENTIST_ADDRESS, DENTIST_ZIP_CODE, DENTIST_REGION, DENTIST_CREDIT_CARD_NUMBER, DENTIST_CITY) VALUES
("Ahmed", "Mohammed", "ahmedmohammed@gmail.com", "Ahmed123@", "0118396630", "5 Giza St.", 117116, "Giza", "4117311685664122", "CAIRO");

INSERT INTO DENTIST(DENTIST_Fname, DENTIST_LNAME, DENTIST_EMAIL, DENTIST_PASSWORD, DENTIST_PHONE_NUMBER, DENTIST_ADDRESS, DENTIST_ZIP_CODE, DENTIST_REGION, DENTIST_CREDIT_CARD_NUMBER, DENTIST_CITY) VALUES
("Mahmod", "Mohammed", "Mahmodmohammed@gmail.com", "Mahmod123@", "0118396631", "5 maadi St.", 127116, "maadi", "3117311685664122", "CAIRO");

INSERT INTO DENTIST(DENTIST_Fname, DENTIST_LNAME, DENTIST_EMAIL, DENTIST_PASSWORD, DENTIST_PHONE_NUMBER, DENTIST_ADDRESS, DENTIST_ZIP_CODE, DENTIST_REGION, DENTIST_CREDIT_CARD_NUMBER, DENTIST_CITY) VALUES
("Iman", "Mohammed", "Imanmohammed@gmail.com", "Iman123@", "0118396632", "5 October St.", 117116, "Giza", "6559311685664122", "Giza");

INSERT INTO DENTIST(DENTIST_Fname, DENTIST_LNAME, DENTIST_EMAIL, DENTIST_PASSWORD, DENTIST_PHONE_NUMBER, DENTIST_ADDRESS, DENTIST_ZIP_CODE, DENTIST_REGION, DENTIST_CREDIT_CARD_NUMBER, DENTIST_CITY) VALUES
("wael", "ahmed", "waelahmed@gmail.com", "waelahmed123@", "0118396633", "5 Dar El salam St.", 117116, "Giza", "4117311685664333", "CAIRO");

INSERT INTO DENTIST(DENTIST_Fname, DENTIST_LNAME, DENTIST_EMAIL, DENTIST_PASSWORD, DENTIST_PHONE_NUMBER, DENTIST_ADDRESS, DENTIST_ZIP_CODE, DENTIST_REGION, DENTIST_CREDIT_CARD_NUMBER, DENTIST_CITY) VALUES
("Mohammed", "Ahmed", "mohammedahmed@gmail.com", "Mohammed1233@", "0118395630", "7 Giza St.", 117116, "Giza", "4117311685664122", "CAIRO");

