--Isert Managers
insert into MANAGER (MANAGER_ID, MANAGER_Fname, MANAGER_Lname, MANAGER_EMAIL, MANAGER_PASSWORD, MANAGEMENT_TYPE, AREA_OF_MANAGEMENT) values (1, 'Wyn', 'Erbain', 'werbain0@youku.com', 'peplhD7Of', 'Store', 'Ohio');
insert into MANAGER (MANAGER_ID, MANAGER_Fname, MANAGER_Lname, MANAGER_EMAIL, MANAGER_PASSWORD, MANAGEMENT_TYPE, AREA_OF_MANAGEMENT) values (2, 'Joby', 'Kemell', 'jkemell1@mozilla.org', 'aYienqem', 'Store', 'Colorado');
insert into MANAGER (MANAGER_ID, MANAGER_Fname, MANAGER_Lname, MANAGER_EMAIL, MANAGER_PASSWORD, MANAGEMENT_TYPE, AREA_OF_MANAGEMENT) values (3, 'Derry', 'Norster', 'dnorster2@yahoo.com', 'k7swGbbOZaYQ', 'Store', 'Pennsylvania');
insert into MANAGER (MANAGER_ID, MANAGER_Fname, MANAGER_Lname, MANAGER_EMAIL, MANAGER_PASSWORD, MANAGEMENT_TYPE, AREA_OF_MANAGEMENT) values (4, 'Christean', 'Kearford', 'ckearford3@plala.or.jp', 'nDeI7VUyAPma', 'Store', 'Arkansas');
insert into MANAGER (MANAGER_ID, MANAGER_Fname, MANAGER_Lname, MANAGER_EMAIL, MANAGER_PASSWORD, MANAGEMENT_TYPE, AREA_OF_MANAGEMENT) values (5, 'Griffie', 'Pipping', 'gpipping4@springer.com', 'MWdmFqlNizpO', 'Delivery', 'Massachusetts');
insert into MANAGER (MANAGER_ID, MANAGER_Fname, MANAGER_Lname, MANAGER_EMAIL, MANAGER_PASSWORD, MANAGEMENT_TYPE, AREA_OF_MANAGEMENT) values (6, 'Virgie', 'Cossor', 'vcossor5@seesaa.net', 'OcuNzYjRW', 'Delivery', 'New York');
insert into MANAGER (MANAGER_ID, MANAGER_Fname, MANAGER_Lname, MANAGER_EMAIL, MANAGER_PASSWORD, MANAGEMENT_TYPE, AREA_OF_MANAGEMENT) values (7, 'Horace', 'Macconachy', 'hmacconachy6@1688.com', 'Ry4aJ5Ji1J', 'Delivery', 'Wisconsin');
insert into MANAGER (MANAGER_ID, MANAGER_Fname, MANAGER_Lname, MANAGER_EMAIL, MANAGER_PASSWORD, MANAGEMENT_TYPE, AREA_OF_MANAGEMENT) values (8, 'Deina', 'Treagus', 'dtreagus7@sfgate.com', 'HxoJJ4', 'Delivery', 'Alabama');
insert into MANAGER (MANAGER_ID, MANAGER_Fname, MANAGER_Lname, MANAGER_EMAIL, MANAGER_PASSWORD, MANAGEMENT_TYPE, AREA_OF_MANAGEMENT) values (9, 'Tonnie', 'Vogeler', 'tvogeler8@shop-pro.jp', '4jxSTMCKh', 'Delivery', 'California');
insert into MANAGER (MANAGER_ID, MANAGER_Fname, MANAGER_Lname, MANAGER_EMAIL, MANAGER_PASSWORD, MANAGEMENT_TYPE, AREA_OF_MANAGEMENT) values (10, 'Lyon', 'Whorall', 'lwhorall9@mit.edu', 'W9LhKrZMQbkj', 'Store', 'Florida');
insert into MANAGER (MANAGER_ID, MANAGER_Fname, MANAGER_Lname, MANAGER_EMAIL, MANAGER_PASSWORD, MANAGEMENT_TYPE, AREA_OF_MANAGEMENT) values (11, 'Cal', 'Linturn', 'clinturna@xinhuanet.com', 'Ynylip', 'Store', 'Illinois');
insert into MANAGER (MANAGER_ID, MANAGER_Fname, MANAGER_Lname, MANAGER_EMAIL, MANAGER_PASSWORD, MANAGEMENT_TYPE, AREA_OF_MANAGEMENT) values (12, 'Micaela', 'Blint', 'mblintb@mysql.com', 'IYnjmSmtC', 'Store', 'California');
insert into MANAGER (MANAGER_ID, MANAGER_Fname, MANAGER_Lname, MANAGER_EMAIL, MANAGER_PASSWORD, MANAGEMENT_TYPE, AREA_OF_MANAGEMENT) values (13, 'Franciskus', 'Reinbach', 'freinbachc@narod.ru', 'ySMtxd', 'Delivery', 'California');
insert into MANAGER (MANAGER_ID, MANAGER_Fname, MANAGER_Lname, MANAGER_EMAIL, MANAGER_PASSWORD, MANAGEMENT_TYPE, AREA_OF_MANAGEMENT) values (14, 'Peyter', 'Yokel', 'pyokeld@wikia.com', 'eTMoeh2POI', 'Delivery', 'Oklahoma');
insert into MANAGER (MANAGER_ID, MANAGER_Fname, MANAGER_Lname, MANAGER_EMAIL, MANAGER_PASSWORD, MANAGEMENT_TYPE, AREA_OF_MANAGEMENT) values (15, 'Rosabelle', 'Garroway', 'rgarrowaye@aol.com', 'gKe3cti', 'Delivery', 'Arizona');
insert into MANAGER (MANAGER_ID, MANAGER_Fname, MANAGER_Lname, MANAGER_EMAIL, MANAGER_PASSWORD, MANAGEMENT_TYPE, AREA_OF_MANAGEMENT) values (16, 'Ericka', 'Whenman', 'ewhenmanf@reverbnation.com', 'BTLpUdPfDJ', 'Delivery', 'Ohio');
insert into MANAGER (MANAGER_ID, MANAGER_Fname, MANAGER_Lname, MANAGER_EMAIL, MANAGER_PASSWORD, MANAGEMENT_TYPE, AREA_OF_MANAGEMENT) values (17, 'Maxine', 'McMyler', 'mmcmylerg@unicef.org', 'GoiOfsDwch5', 'Delivery', 'Florida');
insert into MANAGER (MANAGER_ID, MANAGER_Fname, MANAGER_Lname, MANAGER_EMAIL, MANAGER_PASSWORD, MANAGEMENT_TYPE, AREA_OF_MANAGEMENT) values (18, 'Tawsha', 'Beau', 'tbeauh@livejournal.com', 'c4CiS9ys', 'Delivery', 'Minnesota');
insert into MANAGER (MANAGER_ID, MANAGER_Fname, MANAGER_Lname, MANAGER_EMAIL, MANAGER_PASSWORD, MANAGEMENT_TYPE, AREA_OF_MANAGEMENT) values (19, 'Sonny', 'Lissandri', 'slissandrii@wiley.com', 'w6afPaF', 'Delivery', 'Illinois');
insert into MANAGER (MANAGER_ID, MANAGER_Fname, MANAGER_Lname, MANAGER_EMAIL, MANAGER_PASSWORD, MANAGEMENT_TYPE, AREA_OF_MANAGEMENT) values (20, 'Fabiano', 'Ebourne', 'febournej@epa.gov', 'eOiIM3IpspTr', 'Store', 'Minnesota');

--Insert Dentist
insert into DENTIST (DENTIST_ID, DENTIST_Fname, DENTIST_LNAME, DENTIST_EMAIL, DENTIST_PASSWORD, DENTIST_PHONE_NUMBER, DENTIST_ADDRESS, DENTIST_ZIP_CODE, DENTIST_REGION, DENTIST_CITY, DENTIST_CREDIT_CARD_NUMBER) values (1, 'Shea', 'Cawse', 'scawse0@hubpages.com', 'BYCG8wVm5', '727-707-4482', 'Florida', '34620', 'United States', 'Clearwater', '3558621355219810');
insert into DENTIST (DENTIST_ID, DENTIST_Fname, DENTIST_LNAME, DENTIST_EMAIL, DENTIST_PASSWORD, DENTIST_PHONE_NUMBER, DENTIST_ADDRESS, DENTIST_ZIP_CODE, DENTIST_REGION, DENTIST_CITY, DENTIST_CREDIT_CARD_NUMBER) values (2, 'Dorena', 'Coleford', 'dcoleford1@army.mil', '8m7d8cv', '401-971-5719', 'Rhode Island', '02912', 'United States', 'Providence', '4051314636135712');
insert into DENTIST (DENTIST_ID, DENTIST_Fname, DENTIST_LNAME, DENTIST_EMAIL, DENTIST_PASSWORD, DENTIST_PHONE_NUMBER, DENTIST_ADDRESS, DENTIST_ZIP_CODE, DENTIST_REGION, DENTIST_CITY, DENTIST_CREDIT_CARD_NUMBER) values (3, 'Reube', 'Rembaud', 'rembaud2@ow.ly', 'j96Jl58g', '713-903-4756', 'Texas', '77505', 'United States', 'Pasadena', '3543026514401937');
insert into DENTIST (DENTIST_ID, DENTIST_Fname, DENTIST_LNAME, DENTIST_EMAIL, DENTIST_PASSWORD, DENTIST_PHONE_NUMBER, DENTIST_ADDRESS, DENTIST_ZIP_CODE, DENTIST_REGION, DENTIST_CITY, DENTIST_CREDIT_CARD_NUMBER) values (3, 'Reube', 'Rembaud', 'rrembaud2@ow.ly', 'j96Jl58g', '713-903-4755', 'Texas', '77505', 'United States', 'Pasadena', '3543026514401937');
insert into DENTIST (DENTIST_ID, DENTIST_Fname, DENTIST_LNAME, DENTIST_EMAIL, DENTIST_PASSWORD, DENTIST_PHONE_NUMBER, DENTIST_ADDRESS, DENTIST_ZIP_CODE, DENTIST_REGION, DENTIST_CITY, DENTIST_CREDIT_CARD_NUMBER) values (4, 'Brandi', 'McNellis', 'bmcnellis3@mtv.com', 'IkY4tqDRPB', '843-251-2112', 'South Carolina', '29416', 'United States', 'Charleston', '3563529953529162');
insert into DENTIST (DENTIST_ID, DENTIST_Fname, DENTIST_LNAME, DENTIST_EMAIL, DENTIST_PASSWORD, DENTIST_PHONE_NUMBER, DENTIST_ADDRESS, DENTIST_ZIP_CODE, DENTIST_REGION, DENTIST_CITY, DENTIST_CREDIT_CARD_NUMBER) values (5, 'Bethany', 'Reggio', 'breggio4@nsw.gov.au', 'VBWuZTn51Z', '617-958-6140', 'Massachusetts', '02203', 'United States', 'Boston', '3545397110034796');
insert into DENTIST (DENTIST_ID, DENTIST_Fname, DENTIST_LNAME, DENTIST_EMAIL, DENTIST_PASSWORD, DENTIST_PHONE_NUMBER, DENTIST_ADDRESS, DENTIST_ZIP_CODE, DENTIST_REGION, DENTIST_CITY, DENTIST_CREDIT_CARD_NUMBER) values (6, 'Alexei', 'Stollen', 'astollen5@soundcloud.com', '1fhnJ7qfUo', '608-414-6945', 'Wisconsin', '53716', 'United States', 'Madison', '50205694938428115');
insert into DENTIST (DENTIST_ID, DENTIST_Fname, DENTIST_LNAME, DENTIST_EMAIL, DENTIST_PASSWORD, DENTIST_PHONE_NUMBER, DENTIST_ADDRESS, DENTIST_ZIP_CODE, DENTIST_REGION, DENTIST_CITY, DENTIST_CREDIT_CARD_NUMBER) values (7, 'Sunshine', 'Genery', 'sgenery6@soup.io', 'mFwDB4', '917-970-6251', 'New York', '10009', 'United States', 'New York City', '3553342179089215');
insert into DENTIST (DENTIST_ID, DENTIST_Fname, DENTIST_LNAME, DENTIST_EMAIL, DENTIST_PASSWORD, DENTIST_PHONE_NUMBER, DENTIST_ADDRESS, DENTIST_ZIP_CODE, DENTIST_REGION, DENTIST_CITY, DENTIST_CREDIT_CARD_NUMBER) values (8, 'Ario', 'De Bernardis', 'adebernardis7@nbcnews.com', 'jTSYTavAb', '571-135-4201', 'Virginia', '22205', 'United States', 'Arlington', '377904534344203');
insert into DENTIST (DENTIST_ID, DENTIST_Fname, DENTIST_LNAME, DENTIST_EMAIL, DENTIST_PASSWORD, DENTIST_PHONE_NUMBER, DENTIST_ADDRESS, DENTIST_ZIP_CODE, DENTIST_REGION, DENTIST_CITY, DENTIST_CREDIT_CARD_NUMBER) values (9, 'Allen', 'Berzen', 'aberzen8@ft.com', 'Y6MAAR', '904-548-9544', 'Florida', '32209', 'United States', 'Jacksonville', '30117091318689');
insert into DENTIST (DENTIST_ID, DENTIST_Fname, DENTIST_LNAME, DENTIST_EMAIL, DENTIST_PASSWORD, DENTIST_PHONE_NUMBER, DENTIST_ADDRESS, DENTIST_ZIP_CODE, DENTIST_REGION, DENTIST_CITY, DENTIST_CREDIT_CARD_NUMBER) values (10, 'Chelsea', 'Ferraraccio', 'cferraraccio9@nymag.com', 'OscFukJpva', '912-171-4306', 'Georgia', '31410', 'United States', 'Savannah', '502096463366357689');
insert into DENTIST (DENTIST_ID, DENTIST_Fname, DENTIST_LNAME, DENTIST_EMAIL, DENTIST_PASSWORD, DENTIST_PHONE_NUMBER, DENTIST_ADDRESS, DENTIST_ZIP_CODE, DENTIST_REGION, DENTIST_CITY, DENTIST_CREDIT_CARD_NUMBER) values (11, 'Samson', 'Backe', 'sbackea@auda.org.au', 'tO3WRctlMb', '716-551-3870', 'New York', '14225', 'United States', 'Buffalo', '201992921624040');
insert into DENTIST (DENTIST_ID, DENTIST_Fname, DENTIST_LNAME, DENTIST_EMAIL, DENTIST_PASSWORD, DENTIST_PHONE_NUMBER, DENTIST_ADDRESS, DENTIST_ZIP_CODE, DENTIST_REGION, DENTIST_CITY, DENTIST_CREDIT_CARD_NUMBER) values (12, 'Meyer', 'Kloss', 'mklossb@pinterest.com', 'x6YcI9G8P', '570-772-8616', 'Pennsylvania', '18768', 'United States', 'Wilkes Barre', '3539923591641185');
insert into DENTIST (DENTIST_ID, DENTIST_Fname, DENTIST_LNAME, DENTIST_EMAIL, DENTIST_PASSWORD, DENTIST_PHONE_NUMBER, DENTIST_ADDRESS, DENTIST_ZIP_CODE, DENTIST_REGION, DENTIST_CITY, DENTIST_CREDIT_CARD_NUMBER) values (13, 'Riccardo', 'Souster', 'rsousterc@wikipedia.org', 'JeK5jds', '415-529-8799', 'California', '94142', 'United States', 'San Francisco', '3546610845065110');
insert into DENTIST (DENTIST_ID, DENTIST_Fname, DENTIST_LNAME, DENTIST_EMAIL, DENTIST_PASSWORD, DENTIST_PHONE_NUMBER, DENTIST_ADDRESS, DENTIST_ZIP_CODE, DENTIST_REGION, DENTIST_CITY, DENTIST_CREDIT_CARD_NUMBER) values (14, 'Jody', 'Braunthal', 'jbraunthald@stanford.edu', 'S7Dr00', '512-993-9791', 'Texas', '78703', 'United States', 'Austin', '5108753910047186');
insert into DENTIST (DENTIST_ID, DENTIST_Fname, DENTIST_LNAME, DENTIST_EMAIL, DENTIST_PASSWORD, DENTIST_PHONE_NUMBER, DENTIST_ADDRESS, DENTIST_ZIP_CODE, DENTIST_REGION, DENTIST_CITY, DENTIST_CREDIT_CARD_NUMBER) values (15, 'Obadiah', 'Woolstenholmes', 'owoolstenholmese@desdev.cn', 'AUJK4Ey', '202-523-2851', 'District of Columbia', '20551', 'United States', 'Washington', '3530839753986714');
insert into DENTIST (DENTIST_ID, DENTIST_Fname, DENTIST_LNAME, DENTIST_EMAIL, DENTIST_PASSWORD, DENTIST_PHONE_NUMBER, DENTIST_ADDRESS, DENTIST_ZIP_CODE, DENTIST_REGION, DENTIST_CITY, DENTIST_CREDIT_CARD_NUMBER) values (16, 'Boniface', 'Attewill', 'battewillf@joomla.org', 'Rq1Gi2RQ', '915-509-0177', 'Texas', '79911', 'United States', 'El Paso', '3532429993719196');
insert into DENTIST (DENTIST_ID, DENTIST_Fname, DENTIST_LNAME, DENTIST_EMAIL, DENTIST_PASSWORD, DENTIST_PHONE_NUMBER, DENTIST_ADDRESS, DENTIST_ZIP_CODE, DENTIST_REGION, DENTIST_CITY, DENTIST_CREDIT_CARD_NUMBER) values (17, 'Maud', 'Marris', 'mmarrisg@wordpress.com', 'hHtnqNP5yVW', '319-550-3046', 'Iowa', '52410', 'United States', 'Cedar Rapids', '201920686068764');
insert into DENTIST (DENTIST_ID, DENTIST_Fname, DENTIST_LNAME, DENTIST_EMAIL, DENTIST_PASSWORD, DENTIST_PHONE_NUMBER, DENTIST_ADDRESS, DENTIST_ZIP_CODE, DENTIST_REGION, DENTIST_CITY, DENTIST_CREDIT_CARD_NUMBER) values (18, 'Atlanta', 'Gowling', 'agowlingh@ehow.com', 'ZLTfTCS5r', '812-922-5932', 'Indiana', '47805', 'United States', 'Terre Haute', '3531668656297427');
insert into DENTIST (DENTIST_ID, DENTIST_Fname, DENTIST_LNAME, DENTIST_EMAIL, DENTIST_PASSWORD, DENTIST_PHONE_NUMBER, DENTIST_ADDRESS, DENTIST_ZIP_CODE, DENTIST_REGION, DENTIST_CITY, DENTIST_CREDIT_CARD_NUMBER) values (19, 'Shaylah', 'Schonfelder', 'sschonfelderi@fema.gov', '6uuIeLcn5IBn', '502-631-1645', 'Kentucky', '41905', 'United States', 'Migrate', '3581989586897451');
insert into DENTIST (DENTIST_ID, DENTIST_Fname, DENTIST_LNAME, DENTIST_EMAIL, DENTIST_PASSWORD, DENTIST_PHONE_NUMBER, DENTIST_ADDRESS, DENTIST_ZIP_CODE, DENTIST_REGION, DENTIST_CITY, DENTIST_CREDIT_CARD_NUMBER) values (20, 'Maudie', 'Gyngell', 'mgyngellj@walmart.com', '4eVF8l25hhO', '949-478-2785', 'California', '92867', 'United States', 'Orange', '3580360216397364');

--Insert Delivery
insert into Delivery (DELIVERY_ID, DELIVERY_Fname, DELIVERY_Lname, DELIVERY_EMAIL, DELIVERY_PASSWORD, DELIVERY_PHONE_NUMBER, AREA, DELIVERY_CREDIT_CARD_NUMBER, VECHILE_LICENCE, VECHILE_MODEL, RATE, AVAILABLE, NUMBER_OF_DORDERS) values (1, 'Dusty', 'Riggott', 'driggott0@amazonaws.com', 'XqoxOHU', '312-488-7173', 'Illinois', '201464856660704', '5NPDH4AE6EH145520', '2020 Hyundai Palisade', 0, 1, 0);
insert into Delivery (DELIVERY_ID, DELIVERY_Fname, DELIVERY_Lname, DELIVERY_EMAIL, DELIVERY_PASSWORD, DELIVERY_PHONE_NUMBER, AREA, DELIVERY_CREDIT_CARD_NUMBER, VECHILE_LICENCE, VECHILE_MODEL, RATE, AVAILABLE, NUMBER_OF_DORDERS) values (2, 'Jordana', 'Dufore', 'jdufore1@unicef.org', 'sw2ZR5sC9F', '702-691-5724', 'Nevada', '3554250990305646', 'KMHD35LH7FU920194', '2020 Hyundai Palisade', 0, 1, 0);
insert into Delivery (DELIVERY_ID, DELIVERY_Fname, DELIVERY_Lname, DELIVERY_EMAIL, DELIVERY_PASSWORD, DELIVERY_PHONE_NUMBER, AREA, DELIVERY_CREDIT_CARD_NUMBER, VECHILE_LICENCE, VECHILE_MODEL, RATE, AVAILABLE, NUMBER_OF_DORDERS) values (3, 'Charisse', 'Escudier', 'cescudier2@state.tx.us', 'ZaTFQR', '702-520-5918', 'Nevada', '6396098656930099', '1FTEX1EW4AK194300', '2020 Hyundai Palisade', 0, 1, 0);
insert into Delivery (DELIVERY_ID, DELIVERY_Fname, DELIVERY_Lname, DELIVERY_EMAIL, DELIVERY_PASSWORD, DELIVERY_PHONE_NUMBER, AREA, DELIVERY_CREDIT_CARD_NUMBER, VECHILE_LICENCE, VECHILE_MODEL, RATE, AVAILABLE, NUMBER_OF_DORDERS) values (4, 'Gregoire', 'Bonnavant', 'gbonnavant3@baidu.com', 'BNnpBAKW', '405-694-3936', 'Oklahoma', '3561203993359210', 'WVGFG9BP8CD660283', '2020 Hyundai Palisade', 0, 1, 0);
insert into Delivery (DELIVERY_ID, DELIVERY_Fname, DELIVERY_Lname, DELIVERY_EMAIL, DELIVERY_PASSWORD, DELIVERY_PHONE_NUMBER, AREA, DELIVERY_CREDIT_CARD_NUMBER, VECHILE_LICENCE, VECHILE_MODEL, RATE, AVAILABLE, NUMBER_OF_DORDERS) values (5, 'Adamo', 'Bloxham', 'abloxham4@reverbnation.com', 'vb3izE0br', '804-595-5898', 'Virginia', '3586177025105349', 'KL4CJHSB3EB210170', '2020 Jeep Gladiator', 0, 1, 0);
insert into Delivery (DELIVERY_ID, DELIVERY_Fname, DELIVERY_Lname, DELIVERY_EMAIL, DELIVERY_PASSWORD, DELIVERY_PHONE_NUMBER, AREA, DELIVERY_CREDIT_CARD_NUMBER, VECHILE_LICENCE, VECHILE_MODEL, RATE, AVAILABLE, NUMBER_OF_DORDERS) values (6, 'Rene', 'Starbucke', 'rstarbucke5@wunderground.com', 'BSiqTmpDV9CT', '612-149-4910', 'Minnesota', '5602213158963371', 'WBA3B5C59EF922926', '2020 Jeep Gladiator', 0, 1, 0);
insert into Delivery (DELIVERY_ID, DELIVERY_Fname, DELIVERY_Lname, DELIVERY_EMAIL, DELIVERY_PASSWORD, DELIVERY_PHONE_NUMBER, AREA, DELIVERY_CREDIT_CARD_NUMBER, VECHILE_LICENCE, VECHILE_MODEL, RATE, AVAILABLE, NUMBER_OF_DORDERS) values (7, 'Bertrand', 'Gush', 'bgush6@earthlink.net', 'qDvd3gCqE7', '408-932-8777', 'California', '6378633553543256', 'WAUDFAFLXAA407940', '2020 Hyundai Palisade', 0, 1, 0);
insert into Delivery (DELIVERY_ID, DELIVERY_Fname, DELIVERY_Lname, DELIVERY_EMAIL, DELIVERY_PASSWORD, DELIVERY_PHONE_NUMBER, AREA, DELIVERY_CREDIT_CARD_NUMBER, VECHILE_LICENCE, VECHILE_MODEL, RATE, AVAILABLE, NUMBER_OF_DORDERS) values (8, 'Shannon', 'Yard', 'syard7@domainmarket.com', 'd62GTjCaBww', '801-758-2402', 'Utah', '30403746731827', 'WBA3C1G51EN743107', '2020 Hyundai Palisade', 0, 1, 0);
insert into Delivery (DELIVERY_ID, DELIVERY_Fname, DELIVERY_Lname, DELIVERY_EMAIL, DELIVERY_PASSWORD, DELIVERY_PHONE_NUMBER, AREA, DELIVERY_CREDIT_CARD_NUMBER, VECHILE_LICENCE, VECHILE_MODEL, RATE, AVAILABLE, NUMBER_OF_DORDERS) values (9, 'Terri', 'Youles', 'tyoules8@feedburner.com', 'AcoJTdNmB', '813-389-9459', 'Florida', '6379913098996147', 'WA1CFBFP8DA410731', '2020 Jeep Gladiator', 0, 1, 0);
insert into Delivery (DELIVERY_ID, DELIVERY_Fname, DELIVERY_Lname, DELIVERY_EMAIL, DELIVERY_PASSWORD, DELIVERY_PHONE_NUMBER, AREA, DELIVERY_CREDIT_CARD_NUMBER, VECHILE_LICENCE, VECHILE_MODEL, RATE, AVAILABLE, NUMBER_OF_DORDERS) values (10, 'Cordie', 'Bumpus', 'cbumpus9@google.com', 'dZpPRew0G', '585-540-3635', 'New York', '5602257752596616', 'WAUFGAFCXDN187654', '2020 Jeep Gladiator', 0, 1, 0);
insert into Delivery (DELIVERY_ID, DELIVERY_Fname, DELIVERY_Lname, DELIVERY_EMAIL, DELIVERY_PASSWORD, DELIVERY_PHONE_NUMBER, AREA, DELIVERY_CREDIT_CARD_NUMBER, VECHILE_LICENCE, VECHILE_MODEL, RATE, AVAILABLE, NUMBER_OF_DORDERS) values (11, 'Anet', 'Stoner', 'astonera@meetup.com', 'f3i7bvguof5', '864-360-7712', 'South Carolina', '67620590534724611', '5J8TB4H53FL774184', 'Nissan Magnite', 0, 1, 0);
insert into Delivery (DELIVERY_ID, DELIVERY_Fname, DELIVERY_Lname, DELIVERY_EMAIL, DELIVERY_PASSWORD, DELIVERY_PHONE_NUMBER, AREA, DELIVERY_CREDIT_CARD_NUMBER, VECHILE_LICENCE, VECHILE_MODEL, RATE, AVAILABLE, NUMBER_OF_DORDERS) values (12, 'Franz', 'Scotfurth', 'fscotfurthb@redcross.org', 'zqhzAPOA', '417-444-7971', 'Missouri', '3581045270889633', '3VW1K7AJ0DM043090', '2020 Jeep Gladiator', 0, 1, 0);
insert into Delivery (DELIVERY_ID, DELIVERY_Fname, DELIVERY_Lname, DELIVERY_EMAIL, DELIVERY_PASSWORD, DELIVERY_PHONE_NUMBER, AREA, DELIVERY_CREDIT_CARD_NUMBER, VECHILE_LICENCE, VECHILE_MODEL, RATE, AVAILABLE, NUMBER_OF_DORDERS) values (13, 'Giulia', 'Couroy', 'gcouroyc@amazon.com', 'SDyIsHWbXn', '515-202-4888', 'Iowa', '3585460178559574', 'WAUKH94F77N757119', 'Nissan Magnite', 0, 1, 0);
insert into Delivery (DELIVERY_ID, DELIVERY_Fname, DELIVERY_Lname, DELIVERY_EMAIL, DELIVERY_PASSWORD, DELIVERY_PHONE_NUMBER, AREA, DELIVERY_CREDIT_CARD_NUMBER, VECHILE_LICENCE, VECHILE_MODEL, RATE, AVAILABLE, NUMBER_OF_DORDERS) values (14, 'Farrell', 'Braganza', 'fbraganzad@edublogs.org', 'QKAe2oRW', '916-184-0689', 'California', '3555842398387009', 'WAUKF78P09A445022', 'Nissan Magnite', 0, 1, 0);
insert into Delivery (DELIVERY_ID, DELIVERY_Fname, DELIVERY_Lname, DELIVERY_EMAIL, DELIVERY_PASSWORD, DELIVERY_PHONE_NUMBER, AREA, DELIVERY_CREDIT_CARD_NUMBER, VECHILE_LICENCE, VECHILE_MODEL, RATE, AVAILABLE, NUMBER_OF_DORDERS) values (15, 'Glennis', 'Markos', 'gmarkose@nasa.gov', 'P4WQdh7W', '515-823-6209', 'Iowa', '201877803593134', 'WAUDV74FX7N093324', '2020 Hyundai Palisade', 0, 1, 0);
insert into Delivery (DELIVERY_ID, DELIVERY_Fname, DELIVERY_Lname, DELIVERY_EMAIL, DELIVERY_PASSWORD, DELIVERY_PHONE_NUMBER, AREA, DELIVERY_CREDIT_CARD_NUMBER, VECHILE_LICENCE, VECHILE_MODEL, RATE, AVAILABLE, NUMBER_OF_DORDERS) values (16, 'Christiana', 'Lanahan', 'clanahanf@domainmarket.com', 'NFWb6YlBW78h', '214-850-9525', 'Texas', '3559435742140889', '1C4NJPBA2ED048701', 'Nissan Magnite', 0, 1, 0);
insert into Delivery (DELIVERY_ID, DELIVERY_Fname, DELIVERY_Lname, DELIVERY_EMAIL, DELIVERY_PASSWORD, DELIVERY_PHONE_NUMBER, AREA, DELIVERY_CREDIT_CARD_NUMBER, VECHILE_LICENCE, VECHILE_MODEL, RATE, AVAILABLE, NUMBER_OF_DORDERS) values (17, 'Alyss', 'Keer', 'akeerg@zimbio.com', '6zwVbt6T', '714-749-1474', 'California', '36692243619923', 'SALVP2BG5FH197614', '2020 Hyundai Palisade', 0, 1, 0);
insert into Delivery (DELIVERY_ID, DELIVERY_Fname, DELIVERY_Lname, DELIVERY_EMAIL, DELIVERY_PASSWORD, DELIVERY_PHONE_NUMBER, AREA, DELIVERY_CREDIT_CARD_NUMBER, VECHILE_LICENCE, VECHILE_MODEL, RATE, AVAILABLE, NUMBER_OF_DORDERS) values (18, 'Zsa zsa', 'Kochlin', 'zkochlinh@auda.org.au', 'DBspg2', '405-827-2765', 'Oklahoma', '3566072409864682', '1GYS3DEF2BR014012', '2020 Hyundai Palisade', 0, 1, 0);
insert into Delivery (DELIVERY_ID, DELIVERY_Fname, DELIVERY_Lname, DELIVERY_EMAIL, DELIVERY_PASSWORD, DELIVERY_PHONE_NUMBER, AREA, DELIVERY_CREDIT_CARD_NUMBER, VECHILE_LICENCE, VECHILE_MODEL, RATE, AVAILABLE, NUMBER_OF_DORDERS) values (19, 'Davidde', 'Edmeads', 'dedmeadsi@amazonaws.com', 'fGVvYNaKBHp', '405-919-1755', 'Oklahoma', '30523868140133', '2LMHJ5AT2EB105621', '2020 Hyundai Palisade', 0, 1, 0);
insert into Delivery (DELIVERY_ID, DELIVERY_Fname, DELIVERY_Lname, DELIVERY_EMAIL, DELIVERY_PASSWORD, DELIVERY_PHONE_NUMBER, AREA, DELIVERY_CREDIT_CARD_NUMBER, VECHILE_LICENCE, VECHILE_MODEL, RATE, AVAILABLE, NUMBER_OF_DORDERS) values (20, 'Miguelita', 'Hawick', 'mhawickj@jugem.jp', 'z5d557eEbH9', '816-922-8453', 'Missouri', '4844151387059192', '5N1AR2MM5EC940072', 'Nissan Magnite', 0, 1, 0);
INSERT INTO DELIVERY_VERIFICATION (`DELIVERY_VERIFICATION_ID`,`DELIVERY_ID`) VALUES (1,1),(2,2),(3,3),(4,4),(5,5),(6,6),(7,7),(8,8),(9,9),(10,10);
INSERT INTO DELIVERY_VERIFICATION (`DELIVERY_VERIFICATION_ID`,`DELIVERY_ID`) VALUES (11,11),(12,12),(13,13),(14,14),(15,15),(16,16),(17,17),(18,18),(19,19),(20,20);

--Isert Store
iNSERT INTO STORE (`STORE_ID`,`STORE_NAME`,`EMAIL`,`PASSWORD`,`PHONE_NUMBER`,`CREDIT_CARD_NUMBER`) VALUES (1,"Vel Consulting","urna.et@Nunclaoreet.ca",191216,"(704) 221-6305","4539132142040552"),(2,"Metus Sit LLP","sollicitudin.adipiscing@nasceturridiculusmus.com",424216,"(988) 863-0472","4485115282328"),(3,"Amet Consectetuer Inc.","tincidunt.vehicula.risus@inaliquetlobortis.org",966917,"(144) 382-3331","402 40071 17813 831"),(4,"Diam Luctus Ltd","sodales.Mauris.blandit@odio.org",905133,"(599) 926-3447","453279 4807480758"),(5,"Lorem Ipsum Ltd","pharetra.nibh.Aliquam@taciti.net",255361,"(358) 951-9055","4410423929303"),(6,"Vulputate Mauris Inc.","Curabitur.egestas@scelerisquescelerisquedui.org",779078,"(841) 653-9761","4929040399517"),(7,"Etiam Gravida Molestie Inc.","amet@vulputate.org",778442,"(365) 329-1102","491618 049551 1763"),(8,"Ante Inc.","Donec@Donecest.edu",536981,"(848) 848-8095","453933 2126887727"),(9,"Tincidunt Nunc Incorporated","lacus@adipiscingelitAliquam.ca",316776,"(634) 873-5400","4929950120027210"),(10,"Interdum Curabitur Dictum Ltd","Donec.luctus.aliquet@molestiearcuSed.edu",495535,"(108) 431-0053","4539245852499");
INSERT INTO STORE (`STORE_ID`,`STORE_NAME`,`EMAIL`,`PASSWORD`,`PHONE_NUMBER`,`CREDIT_CARD_NUMBER`) VALUES (11,"Nunc Nulla Vulputate Institute","urna.nec@quam.com",310605,"(223) 488-5365","4024 007 18 1551"),(12,"Lacus Consulting","luctus.Curabitur.egestas@porttitorinterdumSed.co.uk",522526,"(157) 248-8809","448570 9142578980"),(13,"Erat PC","Fusce@maurisInteger.ca",263682,"(144) 108-8685","4556 2333 1035 1660"),(14,"Sagittis Placerat Cras Company","natoque.penatibus.et@lorem.org",212831,"(125) 330-9871","453282 979456 3255"),(15,"Nec Tellus Nunc Institute","mi@euismod.edu",115875,"(612) 866-9798","4024007100239"),(16,"Eleifend Corp.","rhoncus@sagittisfelisDonec.net",555707,"(830) 659-8376","4916262425575"),(17,"Vel Limited","ipsum@ut.com",575808,"(211) 706-4350","4800 0160 3103 7005"),(18,"Consectetuer Ipsum Nunc Company","amet@etultricesposuere.org",950880,"(411) 931-7311","4024007193408"),(19,"Mi Pede Inc.","consequat.dolor.vitae@aliquamerosturpis.net",358049,"(147) 594-6116","4929335056373996"),(20,"Sollicitudin Industries","pede@diam.net",929297,"(284) 796-4554","4539 574 46 9949");
insert into STORE_BRANCH (Store_branch_id, STORE_ID, ADDRESS, REGION, CITY, ZIP_CODE) values (1, 5, '07 Sherman Center', 'Ohio', 'Mansfield', '44905');
insert into STORE_BRANCH (Store_branch_id, STORE_ID, ADDRESS, REGION, CITY, ZIP_CODE) values (2, 11, '92 Gerald Road', 'Florida', 'Vero Beach', '32964');
insert into STORE_BRANCH (Store_branch_id, STORE_ID, ADDRESS, REGION, CITY, ZIP_CODE) values (3, 19, '42427 Clarendon Pass', 'Missouri', 'Saint Louis', '63104');
insert into STORE_BRANCH (Store_branch_id, STORE_ID, ADDRESS, REGION, CITY, ZIP_CODE) values (4, 6, '5167 Anzinger Parkway', 'Kentucky', 'Frankfort', '40618');
insert into STORE_BRANCH (Store_branch_id, STORE_ID, ADDRESS, REGION, CITY, ZIP_CODE) values (5, 1, '70295 Orin Drive', 'California', 'San Francisco', '94164');
insert into STORE_BRANCH (Store_branch_id, STORE_ID, ADDRESS, REGION, CITY, ZIP_CODE) values (6, 3, '13 Express Alley', 'Maryland', 'Hyattsville', '20784');
insert into STORE_BRANCH (Store_branch_id, STORE_ID, ADDRESS, REGION, CITY, ZIP_CODE) values (7, 7, '5 Lighthouse Bay Terrace', 'Illinois', 'Chicago', '60669');
insert into STORE_BRANCH (Store_branch_id, STORE_ID, ADDRESS, REGION, CITY, ZIP_CODE) values (8, 12, '85 Hagan Hill', 'Oklahoma', 'Tulsa', '74108');
insert into STORE_BRANCH (Store_branch_id, STORE_ID, ADDRESS, REGION, CITY, ZIP_CODE) values (9, 5, '53808 Heath Street', 'Arizona', 'Chandler', '85246');
insert into STORE_BRANCH (Store_branch_id, STORE_ID, ADDRESS, REGION, CITY, ZIP_CODE) values (10, 13, '25931 Brown Parkway', 'Montana', 'Missoula', '59806');
insert into STORE_BRANCH (Store_branch_id, STORE_ID, ADDRESS, REGION, CITY, ZIP_CODE) values (11, 16, '46 Sunbrook Road', 'California', 'Santa Monica', '90410');
insert into STORE_BRANCH (Store_branch_id, STORE_ID, ADDRESS, REGION, CITY, ZIP_CODE) values (12, 13, '4 Debs Terrace', 'Georgia', 'Savannah', '31410');
insert into STORE_BRANCH (Store_branch_id, STORE_ID, ADDRESS, REGION, CITY, ZIP_CODE) values (13, 5, '700 Clarendon Park', 'Virginia', 'Alexandria', '22301');
insert into STORE_BRANCH (Store_branch_id, STORE_ID, ADDRESS, REGION, CITY, ZIP_CODE) values (14, 14, '1180 Acker Trail', 'Tennessee', 'Nashville', '37240');
insert into STORE_BRANCH (Store_branch_id, STORE_ID, ADDRESS, REGION, CITY, ZIP_CODE) values (15, 14, '1187 Waywood Place', 'Pennsylvania', 'Philadelphia', '19172');
insert into STORE_BRANCH (Store_branch_id, STORE_ID, ADDRESS, REGION, CITY, ZIP_CODE) values (16, 8, '5478 Nobel Point', 'Connecticut', 'Stamford', '06905');
insert into STORE_BRANCH (Store_branch_id, STORE_ID, ADDRESS, REGION, CITY, ZIP_CODE) values (17, 13, '4668 Rieder Place', 'California', 'Los Angeles', '90025');
insert into STORE_BRANCH (Store_branch_id, STORE_ID, ADDRESS, REGION, CITY, ZIP_CODE) values (18, 3, '765 Messerschmidt Point', 'California', 'Bakersfield', '93381');
insert into STORE_BRANCH (Store_branch_id, STORE_ID, ADDRESS, REGION, CITY, ZIP_CODE) values (19, 10, '38 Veith Road', 'New Jersey', 'Trenton', '08650');
insert into STORE_BRANCH (Store_branch_id, STORE_ID, ADDRESS, REGION, CITY, ZIP_CODE) values (20, 1, '78 Bunker Hill Parkway', 'Ohio', 'Cincinnati', '45208');
insert into STORE_BRANCH (Store_branch_id, STORE_ID, ADDRESS, REGION, CITY, ZIP_CODE) values (21, 15, '23 Village Road', 'Minnesota', 'Minneapolis', '55417');
insert into STORE_BRANCH (Store_branch_id, STORE_ID, ADDRESS, REGION, CITY, ZIP_CODE) values (22, 6, '8324 Morningstar Road', 'Kentucky', 'Frankfort', '40618');
insert into STORE_BRANCH (Store_branch_id, STORE_ID, ADDRESS, REGION, CITY, ZIP_CODE) values (23, 15, '36 Debs Street', 'Florida', 'Seminole', '34642');
insert into STORE_BRANCH (Store_branch_id, STORE_ID, ADDRESS, REGION, CITY, ZIP_CODE) values (24, 6, '788 Katie Alley', 'Pennsylvania', 'Wilkes Barre', '18706');
insert into STORE_BRANCH (Store_branch_id, STORE_ID, ADDRESS, REGION, CITY, ZIP_CODE) values (25, 10, '11757 Independence Place', 'California', 'San Mateo', '94405');
insert into STORE_BRANCH (Store_branch_id, STORE_ID, ADDRESS, REGION, CITY, ZIP_CODE) values (26, 15, '06 Shopko Drive', 'Florida', 'Pompano Beach', '33069');
insert into STORE_BRANCH (Store_branch_id, STORE_ID, ADDRESS, REGION, CITY, ZIP_CODE) values (27, 16, '440 Kinsman Crossing', 'New York', 'New York City', '10060');
insert into STORE_BRANCH (Store_branch_id, STORE_ID, ADDRESS, REGION, CITY, ZIP_CODE) values (28, 2, '0 Homewood Court', 'Illinois', 'Chicago', '60657');
insert into STORE_BRANCH (Store_branch_id, STORE_ID, ADDRESS, REGION, CITY, ZIP_CODE) values (29, 14, '2470 Waywood Pass', 'California', 'Inglewood', '90398');
insert into STORE_BRANCH (Store_branch_id, STORE_ID, ADDRESS, REGION, CITY, ZIP_CODE) values (30, 20, '23255 Gulseth Street', 'Indiana', 'South Bend', '46699');
insert into STORE_BRANCH (Store_branch_id, STORE_ID, ADDRESS, REGION, CITY, ZIP_CODE) values (31, 7, '73 Reinke Road', 'Alabama', 'Montgomery', '36119');
insert into STORE_BRANCH (Store_branch_id, STORE_ID, ADDRESS, REGION, CITY, ZIP_CODE) values (32, 11, '24030 Comanche Avenue', 'Indiana', 'Fort Wayne', '46862');
insert into STORE_BRANCH (Store_branch_id, STORE_ID, ADDRESS, REGION, CITY, ZIP_CODE) values (33, 4, '3394 Graceland Hill', 'Wisconsin', 'Milwaukee', '53263');
insert into STORE_BRANCH (Store_branch_id, STORE_ID, ADDRESS, REGION, CITY, ZIP_CODE) values (34, 20, '28567 Esch Parkway', 'Kentucky', 'Lexington', '40524');
insert into STORE_BRANCH (Store_branch_id, STORE_ID, ADDRESS, REGION, CITY, ZIP_CODE) values (35, 17, '912 Ridgeway Lane', 'Arizona', 'Phoenix', '85077');
insert into STORE_BRANCH (Store_branch_id, STORE_ID, ADDRESS, REGION, CITY, ZIP_CODE) values (36, 17, '1 Commercial Point', 'Wisconsin', 'Madison', '53726');
insert into STORE_BRANCH (Store_branch_id, STORE_ID, ADDRESS, REGION, CITY, ZIP_CODE) values (37, 13, '3137 Fieldstone Park', 'Wisconsin', 'Madison', '53705');
insert into STORE_BRANCH (Store_branch_id, STORE_ID, ADDRESS, REGION, CITY, ZIP_CODE) values (38, 20, '154 Huxley Street', 'Connecticut', 'Hartford', '06140');
insert into STORE_BRANCH (Store_branch_id, STORE_ID, ADDRESS, REGION, CITY, ZIP_CODE) values (39, 1, '7878 Debra Circle', 'Florida', 'West Palm Beach', '33416');
insert into STORE_BRANCH (Store_branch_id, STORE_ID, ADDRESS, REGION, CITY, ZIP_CODE) values (40, 20, '9 Darwin Avenue', 'Texas', 'Houston', '77255');
insert into STORE_BRANCH (Store_branch_id, STORE_ID, ADDRESS, REGION, CITY, ZIP_CODE) values (41, 3, '53394 Hayes Place', 'Ohio', 'Canton', '44705');
insert into STORE_BRANCH (Store_branch_id, STORE_ID, ADDRESS, REGION, CITY, ZIP_CODE) values (42, 20, '0014 Schiller Alley', 'Kansas', 'Shawnee Mission', '66215');
insert into STORE_BRANCH (Store_branch_id, STORE_ID, ADDRESS, REGION, CITY, ZIP_CODE) values (43, 5, '2837 Leroy Plaza', 'Massachusetts', 'Brockton', '02405');
insert into STORE_BRANCH (Store_branch_id, STORE_ID, ADDRESS, REGION, CITY, ZIP_CODE) values (44, 20, '2684 Waxwing Drive', 'Texas', 'Houston', '77055');
insert into STORE_BRANCH (Store_branch_id, STORE_ID, ADDRESS, REGION, CITY, ZIP_CODE) values (45, 6, '13 Sheridan Terrace', 'Nebraska', 'Lincoln', '68510');
insert into STORE_BRANCH (Store_branch_id, STORE_ID, ADDRESS, REGION, CITY, ZIP_CODE) values (46, 15, '14 Knutson Parkway', 'New York', 'Jamaica', '11447');
insert into STORE_BRANCH (Store_branch_id, STORE_ID, ADDRESS, REGION, CITY, ZIP_CODE) values (47, 14, '6 Homewood Road', 'California', 'Fullerton', '92835');
insert into STORE_BRANCH (Store_branch_id, STORE_ID, ADDRESS, REGION, CITY, ZIP_CODE) values (48, 18, '965 Brentwood Alley', 'Texas', 'Austin', '78764');
insert into STORE_BRANCH (Store_branch_id, STORE_ID, ADDRESS, REGION, CITY, ZIP_CODE) values (49, 7, '202 Luster Terrace', 'Texas', 'El Paso', '88546');
insert into STORE_BRANCH (Store_branch_id, STORE_ID, ADDRESS, REGION, CITY, ZIP_CODE) values (50, 9, '9 Haas Court', 'Colorado', 'Fort Collins', '80525');
insert into STORE_BRANCH (Store_branch_id, STORE_ID, ADDRESS, REGION, CITY, ZIP_CODE) values (51, 2, '5 Thierer Street', 'Kentucky', 'Louisville', '40215');
insert into STORE_BRANCH (Store_branch_id, STORE_ID, ADDRESS, REGION, CITY, ZIP_CODE) values (52, 19, '2871 Fisk Alley', 'Illinois', 'Chicago', '60614');
insert into STORE_BRANCH (Store_branch_id, STORE_ID, ADDRESS, REGION, CITY, ZIP_CODE) values (53, 4, '85 Manitowish Junction', 'Wisconsin', 'Appleton', '54915');
insert into STORE_BRANCH (Store_branch_id, STORE_ID, ADDRESS, REGION, CITY, ZIP_CODE) values (54, 19, '29203 Moulton Park', 'Kansas', 'Wichita', '67215');
insert into STORE_BRANCH (Store_branch_id, STORE_ID, ADDRESS, REGION, CITY, ZIP_CODE) values (55, 3, '901 1st Crossing', 'Kansas', 'Topeka', '66699');
insert into STORE_BRANCH (Store_branch_id, STORE_ID, ADDRESS, REGION, CITY, ZIP_CODE) values (56, 10, '091 Carberry Lane', 'Washington', 'Seattle', '98148');
insert into STORE_BRANCH (Store_branch_id, STORE_ID, ADDRESS, REGION, CITY, ZIP_CODE) values (57, 14, '554 Nova Alley', 'Kansas', 'Shawnee Mission', '66225');
insert into STORE_BRANCH (Store_branch_id, STORE_ID, ADDRESS, REGION, CITY, ZIP_CODE) values (58, 7, '8 Express Terrace', 'Kansas', 'Shawnee Mission', '66276');
insert into STORE_BRANCH (Store_branch_id, STORE_ID, ADDRESS, REGION, CITY, ZIP_CODE) values (59, 17, '8 Cody Avenue', 'California', 'Modesto', '95354');
insert into STORE_BRANCH (Store_branch_id, STORE_ID, ADDRESS, REGION, CITY, ZIP_CODE) values (60, 10, '72 East Hill', 'New York', 'Mount Vernon', '10557');
insert into STORE_VERIFICATION (STORE_VERIFICATION_ID, Store_branch_id) values (1, 1);
insert into STORE_VERIFICATION (STORE_VERIFICATION_ID, Store_branch_id) values (2, 2);
insert into STORE_VERIFICATION (STORE_VERIFICATION_ID, Store_branch_id) values (3, 3);
insert into STORE_VERIFICATION (STORE_VERIFICATION_ID, Store_branch_id) values (4, 4);
insert into STORE_VERIFICATION (STORE_VERIFICATION_ID, Store_branch_id) values (5, 5);
insert into STORE_VERIFICATION (STORE_VERIFICATION_ID, Store_branch_id) values (6, 6);
insert into STORE_VERIFICATION (STORE_VERIFICATION_ID, Store_branch_id) values (7, 7);
insert into STORE_VERIFICATION (STORE_VERIFICATION_ID, Store_branch_id) values (8, 8);
insert into STORE_VERIFICATION (STORE_VERIFICATION_ID, Store_branch_id) values (9, 9);
insert into STORE_VERIFICATION (STORE_VERIFICATION_ID, Store_branch_id) values (10, 10);
insert into STORE_VERIFICATION (STORE_VERIFICATION_ID, Store_branch_id) values (11, 11);
insert into STORE_VERIFICATION (STORE_VERIFICATION_ID, Store_branch_id) values (12, 12);
insert into STORE_VERIFICATION (STORE_VERIFICATION_ID, Store_branch_id) values (13, 13);
insert into STORE_VERIFICATION (STORE_VERIFICATION_ID, Store_branch_id) values (14, 14);
insert into STORE_VERIFICATION (STORE_VERIFICATION_ID, Store_branch_id) values (15, 15);
insert into STORE_VERIFICATION (STORE_VERIFICATION_ID, Store_branch_id) values (16, 16);
insert into STORE_VERIFICATION (STORE_VERIFICATION_ID, Store_branch_id) values (17, 17);
insert into STORE_VERIFICATION (STORE_VERIFICATION_ID, Store_branch_id) values (18, 18);
insert into STORE_VERIFICATION (STORE_VERIFICATION_ID, Store_branch_id) values (19, 19);
insert into STORE_VERIFICATION (STORE_VERIFICATION_ID, Store_branch_id) values (20, 20);
insert into STORE_VERIFICATION (STORE_VERIFICATION_ID, Store_branch_id) values (21, 21);
insert into STORE_VERIFICATION (STORE_VERIFICATION_ID, Store_branch_id) values (22, 22);
insert into STORE_VERIFICATION (STORE_VERIFICATION_ID, Store_branch_id) values (23, 23);
insert into STORE_VERIFICATION (STORE_VERIFICATION_ID, Store_branch_id) values (24, 24);
insert into STORE_VERIFICATION (STORE_VERIFICATION_ID, Store_branch_id) values (25, 25);
insert into STORE_VERIFICATION (STORE_VERIFICATION_ID, Store_branch_id) values (26, 26);
insert into STORE_VERIFICATION (STORE_VERIFICATION_ID, Store_branch_id) values (27, 27);
insert into STORE_VERIFICATION (STORE_VERIFICATION_ID, Store_branch_id) values (28, 28);
insert into STORE_VERIFICATION (STORE_VERIFICATION_ID, Store_branch_id) values (29, 29);
insert into STORE_VERIFICATION (STORE_VERIFICATION_ID, Store_branch_id) values (30, 30);
insert into STORE_VERIFICATION (STORE_VERIFICATION_ID, Store_branch_id) values (31, 31);
insert into STORE_VERIFICATION (STORE_VERIFICATION_ID, Store_branch_id) values (32, 32);
insert into STORE_VERIFICATION (STORE_VERIFICATION_ID, Store_branch_id) values (33, 33);
insert into STORE_VERIFICATION (STORE_VERIFICATION_ID, Store_branch_id) values (34, 34);
insert into STORE_VERIFICATION (STORE_VERIFICATION_ID, Store_branch_id) values (35, 35);
insert into STORE_VERIFICATION (STORE_VERIFICATION_ID, Store_branch_id) values (36, 36);
insert into STORE_VERIFICATION (STORE_VERIFICATION_ID, Store_branch_id) values (37, 37);
insert into STORE_VERIFICATION (STORE_VERIFICATION_ID, Store_branch_id) values (38, 38);
insert into STORE_VERIFICATION (STORE_VERIFICATION_ID, Store_branch_id) values (39, 39);
insert into STORE_VERIFICATION (STORE_VERIFICATION_ID, Store_branch_id) values (40, 40);
insert into STORE_VERIFICATION (STORE_VERIFICATION_ID, Store_branch_id) values (41, 41);
insert into STORE_VERIFICATION (STORE_VERIFICATION_ID, Store_branch_id) values (42, 42);
insert into STORE_VERIFICATION (STORE_VERIFICATION_ID, Store_branch_id) values (43, 43);
insert into STORE_VERIFICATION (STORE_VERIFICATION_ID, Store_branch_id) values (44, 44);
insert into STORE_VERIFICATION (STORE_VERIFICATION_ID, Store_branch_id) values (45, 45);
insert into STORE_VERIFICATION (STORE_VERIFICATION_ID, Store_branch_id) values (46, 46);
insert into STORE_VERIFICATION (STORE_VERIFICATION_ID, Store_branch_id) values (47, 47);
insert into STORE_VERIFICATION (STORE_VERIFICATION_ID, Store_branch_id) values (48, 48);
insert into STORE_VERIFICATION (STORE_VERIFICATION_ID, Store_branch_id) values (49, 49);
insert into STORE_VERIFICATION (STORE_VERIFICATION_ID, Store_branch_id) values (50, 50);
insert into STORE_VERIFICATION (STORE_VERIFICATION_ID, Store_branch_id) values (51, 51);
insert into STORE_VERIFICATION (STORE_VERIFICATION_ID, Store_branch_id) values (52, 52);
insert into STORE_VERIFICATION (STORE_VERIFICATION_ID, Store_branch_id) values (53, 53);
insert into STORE_VERIFICATION (STORE_VERIFICATION_ID, Store_branch_id) values (54, 54);
insert into STORE_VERIFICATION (STORE_VERIFICATION_ID, Store_branch_id) values (55, 55);
insert into STORE_VERIFICATION (STORE_VERIFICATION_ID, Store_branch_id) values (56, 56);
insert into STORE_VERIFICATION (STORE_VERIFICATION_ID, Store_branch_id) values (57, 57);
insert into STORE_VERIFICATION (STORE_VERIFICATION_ID, Store_branch_id) values (58, 58);
insert into STORE_VERIFICATION (STORE_VERIFICATION_ID, Store_branch_id) values (59, 59);
insert into STORE_VERIFICATION (STORE_VERIFICATION_ID, Store_branch_id) values (60, 60);

--Insert Product
INSERT INTO PRODUCT (`PRODUCT_ID`,`PRODUCT_NAME`,`PRICE`,`SELLING_PRICE`,`NUMBER_OF_UNITS`,`STORE_ID`,`RATE`,`NO_OF_REVIEWERS`,`CATEGORY`,`Brand`,`DESCRIPTION`) VALUES (1,"Light Curing O-Light + OMNICHROMA",1140,2314,10,9,1,4,"Aenean sed","et","eu tellus eu"),(2,"ABU SAMRA DENTAL UNIT MAS 7",1027,2681,14,9,1,6,"eget, ipsum.","Mauris vestibulum,","vitae mauris sit amet lorem semper auctor. Mauris vel turpis. Aliquam adipiscing lobortis risus. In mi pede,"),(3,"Light Curing O-Light + OMNICHROMA",1526,2021,5,2,2,10,"odio,","Phasellus","quis, tristique ac, eleifend vitae, erat. Vivamus nisi. Mauris nulla. Integer urna. Vivamus"),(4,"ABU SAMRA NARDI-ITALY DENTAL COMPRESSOR",1375,2105,6,5,2,1,"In scelerisque","Sed et libero.","gravida. Praesent eu nulla at sem molestie"),(5,"ACTEON Sopix 2 sensor Size 1",1059,2766,16,20,0,9,"et, rutrum","risus,","Etiam laoreet,"),(6,"ABU SAMRA K5 ULTRASONIC SCALAR",1690,2938,4,10,1,9,"pede.","commodo","orci, adipiscing non,"),(7,"ABU SAMRA BUILT-IN ULTRASONIC SCALAR – L2 LED",1041,2096,18,9,2,4,"sapien molestie","blandit congue.","nunc. In at pede. Cras vulputate velit eu sem. Pellentesque ut ipsum ac mi eleifend egestas. Sed pharetra, felis"),(8,"Apple Handpiece Contra angle for implant",1210,2277,17,16,1,3,"lorem","mauris","ipsum. Suspendisse non leo. Vivamus nibh dolor, nonummy ac, feugiat"),(9,"ACTEON SATELEC MINILED STANDARD",1988,2664,17,12,2,3,"et ultrices","orci lobortis augue","Curabitur vel lectus. Cum sociis natoque penatibus et magnis dis parturient montes, nascetur ridiculus mus. Donec dignissim magna a tortor."),(10,"",1989,2359,7,6,0,9,"Ut","erat","urna suscipit nonummy. Fusce fermentum fermentum arcu. Vestibulum ante ipsum");
INSERT INTO PRODUCT (`PRODUCT_ID`,`PRODUCT_NAME`,`PRICE`,`SELLING_PRICE`,`NUMBER_OF_UNITS`,`STORE_ID`,`RATE`,`NO_OF_REVIEWERS`,`CATEGORY`,`Brand`,`DESCRIPTION`) VALUES (11,"COXO C-Smart Mini AP",1426,2127,15,15,2,4,"molestie","ac ipsum. Phasellus","nonummy ipsum"),(12,"COXO C-Smart I Endomotors",1408,2524,8,13,0,7,"fames","malesuada fames ac","sem egestas blandit. Nam"),(13,"Apple Handpiece high Speed LED",1999,2122,18,15,0,4,"ut cursus","amet","risus. Morbi metus. Vivamus euismod urna. Nullam"),(14,"True Dent Endo Motor",1373,2408,16,13,0,3,"augue malesuada","lacus.","Aliquam fringilla cursus purus. Nullam scelerisque neque sed sem egestas blandit. Nam nulla magna, malesuada vel,"),(15,"ACTEON SATELEC MINILED SUPERCHARGED",1606,2777,7,18,1,7,"euismod et,","pede et risus.","et netus et malesuada fames ac turpis egestas. Fusce aliquet magna a neque. Nullam"),(16,"ABU SAMRA DENTAL UNIT MAS 7",1097,2383,14,13,1,7,"hendrerit a,","amet risus. Donec","non"),(17,"APLLE CAM",1300,2120,18,16,0,9,"eleifend egestas.","lobortis,","Quisque"),(18,"3M APLICAP APPLIER AND ACTIVATOR PACK",1517,2082,11,19,1,8,"fermentum vel,","a,","ultrices, mauris ipsum porta elit, a feugiat"),(19,"Light Cure I Led + OMNICHROMA",1030,2044,5,20,2,6,"erat semper","Curabitur ut","et, rutrum non, hendrerit id, ante. Nunc mauris sapien, cursus in, hendrerit consectetuer, cursus et,"),(20,"AIR PROPHY JET + powder",1900,2351,6,11,2,10,"ullamcorper, velit","ac","Duis gravida. Praesent eu nulla at sem molestie sodales. Mauris blandit enim consequat purus.");
INSERT INTO PRODUCT (`PRODUCT_ID`,`PRODUCT_NAME`,`PRICE`,`SELLING_PRICE`,`NUMBER_OF_UNITS`,`STORE_ID`,`RATE`,`NO_OF_REVIEWERS`,`CATEGORY`,`Brand`,`DESCRIPTION`) VALUES (21,"Light Curing O-Light + OMNICHROMA",1067,2390,9,11,1,9,"ut","ligula.","sodales. Mauris blandit enim consequat purus. Maecenas libero est, congue a, aliquet vel, vulputate eu, odio. Phasellus"),(22,"Light Curing O-Light + OMNICHROMA",1271,2023,5,1,1,5,"ipsum primis","eu, accumsan sed,","turpis egestas. Aliquam fringilla cursus purus. Nullam scelerisque neque sed sem"),(23,"ABU SAMRA K5 ULTRASONIC SCALAR",1427,2875,12,16,2,1,"mi, ac","nunc interdum feugiat.","a odio semper"),(24,"3M PENTAMIX LITE 230V",1897,2644,15,5,2,9,"Quisque","arcu. Morbi","nascetur ridiculus mus. Donec dignissim magna a tortor. Nunc commodo auctor"),(25,"ABU SAMRA DENTAL UNIT MAS 7",1719,2577,10,2,0,9,"quis","tempus mauris erat","Aenean eget magna. Suspendisse tristique neque venenatis lacus. Etiam bibendum fermentum metus. Aenean sed"),(26,"ABU SAMRA DENTAL UNIT MAS 7",1422,2735,10,8,1,2,"erat nonummy","lorem","arcu. Vestibulum ut eros non enim"),(27,"Light Cure I Led + OMNICHROMA",1787,2888,8,11,2,1,"enim.","libero nec","Nunc laoreet lectus quis massa. Mauris vestibulum, neque sed dictum eleifend, nunc risus varius"),(28,"Ceramic ENDO MOTOR",1888,2778,6,18,1,4,"cursus in,","lectus","Duis mi enim, condimentum eget,"),(29,"APLLE CAM",1235,2773,11,12,1,9,"in","In scelerisque","lacinia vitae, sodales at, velit. Pellentesque ultricies dignissim lacus. Aliquam rutrum lorem ac risus. Morbi metus. Vivamus euismod"),(30,"ABU SAMRA DENTAL UNIT MICKEY",1821,2309,8,4,2,5,"magna","eu lacus. Quisque","vitae odio sagittis semper. Nam tempor");
INSERT INTO PRODUCT (`PRODUCT_ID`,`PRODUCT_NAME`,`PRICE`,`SELLING_PRICE`,`NUMBER_OF_UNITS`,`STORE_ID`,`RATE`,`NO_OF_REVIEWERS`,`CATEGORY`,`Brand`,`DESCRIPTION`) VALUES (31,"3M Light Cure Elipar Deepcure",1973,2982,18,13,0,4,"rhoncus.","mauris ipsum","vulputate, risus a ultricies adipiscing, enim mi tempor lorem, eget mollis lectus pede et risus. Quisque libero lacus, varius et,"),(32,"Apple Handpiece Contra angle for implant",1239,2816,3,8,2,3,"turpis egestas.","magna nec","sit amet nulla. Donec non justo. Proin non massa non ante bibendum ullamcorper. Duis cursus, diam at pretium aliquet, metus"),(33,"ACTEON SATELEC MINILED SUPERCHARGED",1882,2669,19,14,1,4,"Cras","a,","egestas nunc sed libero. Proin sed turpis nec mauris blandit mattis. Cras eget nisi dictum augue malesuada"),(34,"Light Curing O-Light + OMNICHROMA",1390,2444,4,5,2,9,"Nam porttitor","tempor, est ac","habitant morbi tristique senectus et netus et"),(35,"ACTEON SATELEC MINILED STANDARD",1863,2748,19,5,1,5,"Lorem ipsum","ac libero","ut odio vel est tempor"),(36,"Light Curing LED F + OMNICHROMA",1029,2740,19,3,0,10,"ultricies ligula.","Duis a","cursus luctus, ipsum leo elementum sem, vitae aliquam eros turpis non enim. Mauris quis turpis vitae purus gravida sagittis. Duis"),(37,"Apple Handpiece high Speed LED",1172,2839,11,13,2,8,"aliquet lobortis,","auctor. Mauris vel","magna. Nam ligula elit, pretium et, rutrum non, hendrerit"),(38,"ACTEON SATELEC MINILED SUPERCHARGED",1440,2661,8,6,0,2,"tincidunt congue","blandit congue.","Sed pharetra, felis eget varius"),(39,"BOMEDENT APEX LOCATOR",1265,2210,8,1,1,5,"lectus","fringilla est.","eros turpis non enim. Mauris quis turpis vitae purus gravida sagittis. Duis"),(40,"AMALGAMETOR",1509,2168,3,14,2,6,"mi,","mi","a, facilisis");

--insert Orders
insert into ORDERS (ORDER_ID, DENTIST_ID, TOTAL_COST, SHIPMENT_STATUS) values (1, 1, '5872.30', 'Not Delivered');
insert into ORDERS (ORDER_ID, DENTIST_ID, TOTAL_COST, SHIPMENT_STATUS) values (2, 2, '5360.24', 'Not Delivered');
insert into ORDERS (ORDER_ID, DENTIST_ID, TOTAL_COST, SHIPMENT_STATUS) values (3, 3, '4151.94', 'Not Delivered');
insert into ORDERS (ORDER_ID, DENTIST_ID, TOTAL_COST, SHIPMENT_STATUS) values (4, 4, '2349.42', 'Not Delivered');
insert into ORDERS (ORDER_ID, DENTIST_ID, TOTAL_COST, SHIPMENT_STATUS) values (5, 5, '506.88', 'Not Delivered');
insert into ORDERS (ORDER_ID, DENTIST_ID, TOTAL_COST, SHIPMENT_STATUS) values (6, 6, '865.85', 'Not Delivered');
insert into ORDERS (ORDER_ID, DENTIST_ID, TOTAL_COST, SHIPMENT_STATUS) values (7, 7, '2658.74', 'Not Delivered');
insert into ORDERS (ORDER_ID, DENTIST_ID, TOTAL_COST, SHIPMENT_STATUS) values (8, 8, '2047.20', 'Not Delivered');
insert into ORDERS (ORDER_ID, DENTIST_ID, TOTAL_COST, SHIPMENT_STATUS) values (9, 9, '3216.02', 'Not Delivered');
insert into ORDERS (ORDER_ID, DENTIST_ID, TOTAL_COST, SHIPMENT_STATUS) values (10, 10, '9893.39', 'Not Delivered');
insert into ORDERS (ORDER_ID, DENTIST_ID, TOTAL_COST, SHIPMENT_STATUS) values (11, 11, '2565.25', 'Not Delivered');
insert into ORDERS (ORDER_ID, DENTIST_ID, TOTAL_COST, SHIPMENT_STATUS) values (12, 12, '5671.09', 'Not Delivered');
insert into ORDERS (ORDER_ID, DENTIST_ID, TOTAL_COST, SHIPMENT_STATUS) values (13, 13, '58.62', 'Not Delivered');
insert into ORDERS (ORDER_ID, DENTIST_ID, TOTAL_COST, SHIPMENT_STATUS) values (14, 14, '9609.95', 'Not Delivered');
insert into ORDERS (ORDER_ID, DENTIST_ID, TOTAL_COST, SHIPMENT_STATUS) values (15, 15, '4631.78', 'Not Delivered');
insert into ORDERS (ORDER_ID, DENTIST_ID, TOTAL_COST, SHIPMENT_STATUS) values (16, 16, '6888.03', 'Not Delivered');
insert into ORDERS (ORDER_ID, DENTIST_ID, TOTAL_COST, SHIPMENT_STATUS) values (17, 17, '8707.51', 'Not Delivered');
insert into ORDERS (ORDER_ID, DENTIST_ID, TOTAL_COST, SHIPMENT_STATUS) values (18, 18, '6245.39', 'Not Delivered');
insert into ORDERS (ORDER_ID, DENTIST_ID, TOTAL_COST, SHIPMENT_STATUS) values (19, 19, '9082.55', 'Not Delivered');
insert into ORDERS (ORDER_ID, DENTIST_ID, TOTAL_COST, SHIPMENT_STATUS) values (20, 20, '3829.59', 'Not Delivered');
insert into ORDERS (ORDER_ID, DENTIST_ID, TOTAL_COST, SHIPMENT_STATUS) values (21, 21, '6369.35', 'Not Delivered');
insert into ORDERS (ORDER_ID, DENTIST_ID, TOTAL_COST, SHIPMENT_STATUS) values (22, 22, '7544.83', 'Not Delivered');
insert into ORDERS (ORDER_ID, DENTIST_ID, TOTAL_COST, SHIPMENT_STATUS) values (23, 23, '3508.07', 'Not Delivered');
insert into ORDERS (ORDER_ID, DENTIST_ID, TOTAL_COST, SHIPMENT_STATUS) values (24, 24, '4201.84', 'Not Delivered');
insert into ORDERS (ORDER_ID, DENTIST_ID, TOTAL_COST, SHIPMENT_STATUS) values (25, 25, '7305.74', 'Not Delivered');
insert into ORDERS (ORDER_ID, DENTIST_ID, TOTAL_COST, SHIPMENT_STATUS) values (26, 26, '260.76', 'Not Delivered');
insert into ORDERS (ORDER_ID, DENTIST_ID, TOTAL_COST, SHIPMENT_STATUS) values (27, 27, '6208.91', 'Not Delivered');
insert into ORDERS (ORDER_ID, DENTIST_ID, TOTAL_COST, SHIPMENT_STATUS) values (28, 28, '362.20', 'Not Delivered');
insert into ORDERS (ORDER_ID, DENTIST_ID, TOTAL_COST, SHIPMENT_STATUS) values (29, 29, '1005.10', 'Not Delivered');
insert into ORDERS (ORDER_ID, DENTIST_ID, TOTAL_COST, SHIPMENT_STATUS) values (30, 30, '519.53', 'Not Delivered');
insert into ORDERS (ORDER_ID, DENTIST_ID, TOTAL_COST, SHIPMENT_STATUS) values (31, 31, '6359.93', 'Not Delivered');
insert into ORDERS (ORDER_ID, DENTIST_ID, TOTAL_COST, SHIPMENT_STATUS) values (32, 32, '9729.86', 'Not Delivered');
insert into ORDERS (ORDER_ID, DENTIST_ID, TOTAL_COST, SHIPMENT_STATUS) values (33, 33, '8192.48', 'Not Delivered');
insert into ORDERS (ORDER_ID, DENTIST_ID, TOTAL_COST, SHIPMENT_STATUS) values (34, 34, '5372.48', 'Not Delivered');
insert into ORDERS (ORDER_ID, DENTIST_ID, TOTAL_COST, SHIPMENT_STATUS) values (35, 35, '5653.46', 'Not Delivered');
insert into ORDERS (ORDER_ID, DENTIST_ID, TOTAL_COST, SHIPMENT_STATUS) values (36, 36, '9080.90', 'Not Delivered');
insert into ORDERS (ORDER_ID, DENTIST_ID, TOTAL_COST, SHIPMENT_STATUS) values (37, 37, '2427.51', 'Not Delivered');
insert into ORDERS (ORDER_ID, DENTIST_ID, TOTAL_COST, SHIPMENT_STATUS) values (38, 38, '5538.19', 'Not Delivered');
insert into ORDERS (ORDER_ID, DENTIST_ID, TOTAL_COST, SHIPMENT_STATUS) values (39, 39, '2303.59', 'Not Delivered');
insert into ORDERS (ORDER_ID, DENTIST_ID, TOTAL_COST, SHIPMENT_STATUS) values (40, 40, '2245.14', 'Not Delivered');
insert into ORDERS (ORDER_ID, DENTIST_ID, TOTAL_COST, SHIPMENT_STATUS) values (41, 41, '8349.61', 'Not Delivered');
insert into ORDERS (ORDER_ID, DENTIST_ID, TOTAL_COST, SHIPMENT_STATUS) values (42, 42, '7163.95', 'Not Delivered');
insert into ORDERS (ORDER_ID, DENTIST_ID, TOTAL_COST, SHIPMENT_STATUS) values (43, 43, '3306.40', 'Not Delivered');
insert into ORDERS (ORDER_ID, DENTIST_ID, TOTAL_COST, SHIPMENT_STATUS) values (44, 44, '7655.92', 'Not Delivered');
insert into ORDERS (ORDER_ID, DENTIST_ID, TOTAL_COST, SHIPMENT_STATUS) values (45, 45, '6167.67', 'Not Delivered');
insert into ORDERS (ORDER_ID, DENTIST_ID, TOTAL_COST, SHIPMENT_STATUS) values (46, 46, '1610.21', 'Not Delivered');
insert into ORDERS (ORDER_ID, DENTIST_ID, TOTAL_COST, SHIPMENT_STATUS) values (47, 47, '4934.10', 'Not Delivered');
insert into ORDERS (ORDER_ID, DENTIST_ID, TOTAL_COST, SHIPMENT_STATUS) values (48, 48, '1486.44', 'Not Delivered');
insert into ORDERS (ORDER_ID, DENTIST_ID, TOTAL_COST, SHIPMENT_STATUS) values (49, 49, '618.72', 'Not Delivered');
insert into ORDERS (ORDER_ID, DENTIST_ID, TOTAL_COST, SHIPMENT_STATUS) values (50, 50, '9787.87', 'Not Delivered');
insert into ORDERS (ORDER_ID, DENTIST_ID, TOTAL_COST, SHIPMENT_STATUS) values (51, 51, '8248.69', 'Not Delivered');
insert into ORDERS (ORDER_ID, DENTIST_ID, TOTAL_COST, SHIPMENT_STATUS) values (52, 52, '5563.87', 'Not Delivered');
insert into ORDERS (ORDER_ID, DENTIST_ID, TOTAL_COST, SHIPMENT_STATUS) values (53, 53, '2749.52', 'Not Delivered');
insert into ORDERS (ORDER_ID, DENTIST_ID, TOTAL_COST, SHIPMENT_STATUS) values (54, 54, '3394.95', 'Not Delivered');
insert into ORDERS (ORDER_ID, DENTIST_ID, TOTAL_COST, SHIPMENT_STATUS) values (55, 55, '3876.71', 'Not Delivered');
insert into ORDERS (ORDER_ID, DENTIST_ID, TOTAL_COST, SHIPMENT_STATUS) values (56, 56, '5449.11', 'Not Delivered');
insert into ORDERS (ORDER_ID, DENTIST_ID, TOTAL_COST, SHIPMENT_STATUS) values (57, 57, '7141.97', 'Not Delivered');
insert into ORDERS (ORDER_ID, DENTIST_ID, TOTAL_COST, SHIPMENT_STATUS) values (58, 58, '5598.80', 'Not Delivered');
insert into ORDERS (ORDER_ID, DENTIST_ID, TOTAL_COST, SHIPMENT_STATUS) values (59, 59, '1749.18', 'Not Delivered');
insert into ORDERS (ORDER_ID, DENTIST_ID, TOTAL_COST, SHIPMENT_STATUS) values (60, 60, '8094.45', 'Not Delivered');


--Insert VIRTUAL_BANK
insert into VIRTUAL_BANK (CARD_NUMBER, FIRST_NAME, LAST_NAME, EMAIL, PASSWORD, NATIONAL_ID, SECURITY_CODE, EXPIRATION_MONTH, EXPIRATION_YEAR, CREDIT) values ('3544950470483416', 'Heinrick', 'Somerville', 'hsomerville0@jalbum.net', 'Tr39IK4cMOC', 96444958, 589, 25, 2019, 8300);
insert into VIRTUAL_BANK (CARD_NUMBER, FIRST_NAME, LAST_NAME, EMAIL, PASSWORD, NATIONAL_ID, SECURITY_CODE, EXPIRATION_MONTH, EXPIRATION_YEAR, CREDIT) values ('5602248490171200', 'Konstance', 'Tooker', 'ktooker1@skyrock.com', '7Vietee', 68959511, 190, 12, 2032, 5522);
insert into VIRTUAL_BANK (CARD_NUMBER, FIRST_NAME, LAST_NAME, EMAIL, PASSWORD, NATIONAL_ID, SECURITY_CODE, EXPIRATION_MONTH, EXPIRATION_YEAR, CREDIT) values ('3551884948881275', 'Matt', 'Poore', 'mpoore2@utexas.edu', 'apNWGXXIVI', 45690256, 922, 16, 2034, 8228);
insert into VIRTUAL_BANK (CARD_NUMBER, FIRST_NAME, LAST_NAME, EMAIL, PASSWORD, NATIONAL_ID, SECURITY_CODE, EXPIRATION_MONTH, EXPIRATION_YEAR, CREDIT) values ('5100141166678441', 'Nichole', 'Glowinski', 'nglowinski3@youtu.be', 'FxNKKsmLE2', 93255822, 775, 16, 2006, 7013);
insert into VIRTUAL_BANK (CARD_NUMBER, FIRST_NAME, LAST_NAME, EMAIL, PASSWORD, NATIONAL_ID, SECURITY_CODE, EXPIRATION_MONTH, EXPIRATION_YEAR, CREDIT) values ('3553583742783772', 'Nicola', 'Brownrigg', 'nbrownrigg4@ask.com', 'fP0cINYCaY1g', 16033624, 226, 8, 2006, 8389);
insert into VIRTUAL_BANK (CARD_NUMBER, FIRST_NAME, LAST_NAME, EMAIL, PASSWORD, NATIONAL_ID, SECURITY_CODE, EXPIRATION_MONTH, EXPIRATION_YEAR, CREDIT) values ('36922616071141', 'Hank', 'Beauman', 'hbeauman5@issuu.com', 'VChHCMAWz', 47186041, 405, 9, 2016, 6028);
insert into VIRTUAL_BANK (CARD_NUMBER, FIRST_NAME, LAST_NAME, EMAIL, PASSWORD, NATIONAL_ID, SECURITY_CODE, EXPIRATION_MONTH, EXPIRATION_YEAR, CREDIT) values ('4913892755042809', 'Jdavie', 'Dudmarsh', 'jdudmarsh6@de.vu', '8N12Tm', 30291212, 500, 22, 2031, 8711);
insert into VIRTUAL_BANK (CARD_NUMBER, FIRST_NAME, LAST_NAME, EMAIL, PASSWORD, NATIONAL_ID, SECURITY_CODE, EXPIRATION_MONTH, EXPIRATION_YEAR, CREDIT) values ('3528493509295766', 'Kev', 'MacKowle', 'kmackowle7@forbes.com', 'nBNBryPhPdz3', 8525414, 808, 16, 2015, 8624);
insert into VIRTUAL_BANK (CARD_NUMBER, FIRST_NAME, LAST_NAME, EMAIL, PASSWORD, NATIONAL_ID, SECURITY_CODE, EXPIRATION_MONTH, EXPIRATION_YEAR, CREDIT) values ('4936419520130462', 'Rachel', 'Wildes', 'rwildes8@163.com', 'L45OWba', 20556120, 985, 27, 2009, 5654);
insert into VIRTUAL_BANK (CARD_NUMBER, FIRST_NAME, LAST_NAME, EMAIL, PASSWORD, NATIONAL_ID, SECURITY_CODE, EXPIRATION_MONTH, EXPIRATION_YEAR, CREDIT) values ('3549938080899605', 'Garvey', 'Brimmicombe', 'gbrimmicombe9@is.gd', 'vh890HGVrGE0', 83155530, 929, 15, 2027, 6501);
insert into VIRTUAL_BANK (CARD_NUMBER, FIRST_NAME, LAST_NAME, EMAIL, PASSWORD, NATIONAL_ID, SECURITY_CODE, EXPIRATION_MONTH, EXPIRATION_YEAR, CREDIT) values ('633426615968937382', 'Dominick', 'Stigers', 'dstigersa@vk.com', 'WjTFOVAvet2', 25463677, 679, 15, 2000, 7786);
insert into VIRTUAL_BANK (CARD_NUMBER, FIRST_NAME, LAST_NAME, EMAIL, PASSWORD, NATIONAL_ID, SECURITY_CODE, EXPIRATION_MONTH, EXPIRATION_YEAR, CREDIT) values ('3583017760549215', 'Derwin', 'Yekel', 'dyekelb@ezinearticles.com', 'AUlQBt5QsZ', 28541091, 579, 21, 2021, 6090);
insert into VIRTUAL_BANK (CARD_NUMBER, FIRST_NAME, LAST_NAME, EMAIL, PASSWORD, NATIONAL_ID, SECURITY_CODE, EXPIRATION_MONTH, EXPIRATION_YEAR, CREDIT) values ('3571477918777411', 'Maybelle', 'Bilt', 'mbiltc@huffingtonpost.com', 'LTpeE6pl', 6161115, 986, 1, 2017, 9932);
insert into VIRTUAL_BANK (CARD_NUMBER, FIRST_NAME, LAST_NAME, EMAIL, PASSWORD, NATIONAL_ID, SECURITY_CODE, EXPIRATION_MONTH, EXPIRATION_YEAR, CREDIT) values ('5010128724964479', 'Gracie', 'Garnar', 'ggarnard@hubpages.com', 'qeiDhiBzE', 10905454, 559, 30, 2001, 7299);
insert into VIRTUAL_BANK (CARD_NUMBER, FIRST_NAME, LAST_NAME, EMAIL, PASSWORD, NATIONAL_ID, SECURITY_CODE, EXPIRATION_MONTH, EXPIRATION_YEAR, CREDIT) values ('3572455621367455', 'Massimiliano', 'Mullenger', 'mmullengere@jalbum.net', 'DgfduL9E1RZ', 45600326, 983, 5, 2025, 6551);
insert into VIRTUAL_BANK (CARD_NUMBER, FIRST_NAME, LAST_NAME, EMAIL, PASSWORD, NATIONAL_ID, SECURITY_CODE, EXPIRATION_MONTH, EXPIRATION_YEAR, CREDIT) values ('30278410018788', 'Neilla', 'Burdis', 'nburdisf@wufoo.com', '9Bx9SqbJGm', 66024396, 590, 8, 2029, 6074);
insert into VIRTUAL_BANK (CARD_NUMBER, FIRST_NAME, LAST_NAME, EMAIL, PASSWORD, NATIONAL_ID, SECURITY_CODE, EXPIRATION_MONTH, EXPIRATION_YEAR, CREDIT) values ('3528126808911218', 'Laura', 'Briscow', 'lbriscowg@weibo.com', 'Azqy02HDK', 60553683, 135, 24, 2015, 5889);
insert into VIRTUAL_BANK (CARD_NUMBER, FIRST_NAME, LAST_NAME, EMAIL, PASSWORD, NATIONAL_ID, SECURITY_CODE, EXPIRATION_MONTH, EXPIRATION_YEAR, CREDIT) values ('3554052519108083', 'Pattin', 'Tooher', 'ptooherh@nifty.com', 'qfsrRB', 35647839, 435, 8, 2021, 8954);
insert into VIRTUAL_BANK (CARD_NUMBER, FIRST_NAME, LAST_NAME, EMAIL, PASSWORD, NATIONAL_ID, SECURITY_CODE, EXPIRATION_MONTH, EXPIRATION_YEAR, CREDIT) values ('30068195398178', 'Grannie', 'Drohane', 'gdrohanei@cyberchimps.com', '8Rdm4o', 85159220, 204, 18, 2020, 9561);
insert into VIRTUAL_BANK (CARD_NUMBER, FIRST_NAME, LAST_NAME, EMAIL, PASSWORD, NATIONAL_ID, SECURITY_CODE, EXPIRATION_MONTH, EXPIRATION_YEAR, CREDIT) values ('6333348334751029', 'Miguel', 'Dury', 'mduryj@chron.com', 'nFwnQy', 24159236, 396, 9, 2013, 5805);
insert into VIRTUAL_BANK (CARD_NUMBER, FIRST_NAME, LAST_NAME, EMAIL, PASSWORD, NATIONAL_ID, SECURITY_CODE, EXPIRATION_MONTH, EXPIRATION_YEAR, CREDIT) values ('4844592603831544', 'Devy', 'Ricker', 'drickerk@admin.ch', 'HHajsW4NPkSG', 41226430, 144, 24, 2028, 7844);
insert into VIRTUAL_BANK (CARD_NUMBER, FIRST_NAME, LAST_NAME, EMAIL, PASSWORD, NATIONAL_ID, SECURITY_CODE, EXPIRATION_MONTH, EXPIRATION_YEAR, CREDIT) values ('3533368316826172', 'Xaviera', 'Smeaton', 'xsmeatonl@clickbank.net', 'LCScR9', 26513043, 672, 16, 2001, 7803);
insert into VIRTUAL_BANK (CARD_NUMBER, FIRST_NAME, LAST_NAME, EMAIL, PASSWORD, NATIONAL_ID, SECURITY_CODE, EXPIRATION_MONTH, EXPIRATION_YEAR, CREDIT) values ('3542998650127867', 'Torre', 'Morecombe', 'tmorecombem@i2i.jp', 'PiXQl97Ow3', 87334647, 521, 30, 2039, 8660);
insert into VIRTUAL_BANK (CARD_NUMBER, FIRST_NAME, LAST_NAME, EMAIL, PASSWORD, NATIONAL_ID, SECURITY_CODE, EXPIRATION_MONTH, EXPIRATION_YEAR, CREDIT) values ('3533776941689072', 'Muire', 'Melesk', 'mmeleskn@squidoo.com', 'och6Kn', 5730269, 262, 5, 2036, 5706);
insert into VIRTUAL_BANK (CARD_NUMBER, FIRST_NAME, LAST_NAME, EMAIL, PASSWORD, NATIONAL_ID, SECURITY_CODE, EXPIRATION_MONTH, EXPIRATION_YEAR, CREDIT) values ('5610887452763262', 'Tabina', 'Burmaster', 'tburmastero@lycos.com', 'HZP8QVYQyAVf', 32363557, 855, 5, 2002, 8621);
insert into VIRTUAL_BANK (CARD_NUMBER, FIRST_NAME, LAST_NAME, EMAIL, PASSWORD, NATIONAL_ID, SECURITY_CODE, EXPIRATION_MONTH, EXPIRATION_YEAR, CREDIT) values ('4017957947724', 'Callida', 'Santoro', 'csantorop@usatoday.com', 'MfesYuXS7', 76710872, 423, 30, 2012, 9407);
insert into VIRTUAL_BANK (CARD_NUMBER, FIRST_NAME, LAST_NAME, EMAIL, PASSWORD, NATIONAL_ID, SECURITY_CODE, EXPIRATION_MONTH, EXPIRATION_YEAR, CREDIT) values ('4936730097465093', 'Enos', 'Blizard', 'eblizardq@joomla.org', 'vYWlxmV', 6601468, 567, 7, 2015, 7482);
insert into VIRTUAL_BANK (CARD_NUMBER, FIRST_NAME, LAST_NAME, EMAIL, PASSWORD, NATIONAL_ID, SECURITY_CODE, EXPIRATION_MONTH, EXPIRATION_YEAR, CREDIT) values ('6334532428685503', 'Marianna', 'Crumbie', 'mcrumbier@networkadvertising.org', 'S2w9YU', 12148262, 563, 24, 2023, 8845);
insert into VIRTUAL_BANK (CARD_NUMBER, FIRST_NAME, LAST_NAME, EMAIL, PASSWORD, NATIONAL_ID, SECURITY_CODE, EXPIRATION_MONTH, EXPIRATION_YEAR, CREDIT) values ('201450517538454', 'Creighton', 'Arnaudi', 'carnaudis@is.gd', 'ZKIiExTA', 34605888, 595, 25, 2033, 7899);
insert into VIRTUAL_BANK (CARD_NUMBER, FIRST_NAME, LAST_NAME, EMAIL, PASSWORD, NATIONAL_ID, SECURITY_CODE, EXPIRATION_MONTH, EXPIRATION_YEAR, CREDIT) values ('67595145178179639', 'Ware', 'Egre', 'wegret@toplist.cz', '7NMD5K3YY', 59703008, 287, 25, 2004, 8740);
insert into VIRTUAL_BANK (CARD_NUMBER, FIRST_NAME, LAST_NAME, EMAIL, PASSWORD, NATIONAL_ID, SECURITY_CODE, EXPIRATION_MONTH, EXPIRATION_YEAR, CREDIT) values ('4041597880517', 'Selinda', 'Moseley', 'smoseleyu@who.int', 'qDgxcXz', 39624858, 769, 10, 2012, 7224);
insert into VIRTUAL_BANK (CARD_NUMBER, FIRST_NAME, LAST_NAME, EMAIL, PASSWORD, NATIONAL_ID, SECURITY_CODE, EXPIRATION_MONTH, EXPIRATION_YEAR, CREDIT) values ('56022256228533018', 'Ingeberg', 'Whyte', 'iwhytev@wikimedia.org', '5fycTucZtRk', 58917783, 941, 26, 2034, 7789);
insert into VIRTUAL_BANK (CARD_NUMBER, FIRST_NAME, LAST_NAME, EMAIL, PASSWORD, NATIONAL_ID, SECURITY_CODE, EXPIRATION_MONTH, EXPIRATION_YEAR, CREDIT) values ('374283857914923', 'Elizabeth', 'Forster', 'eforsterw@yellowbook.com', '0BGtzXnEb', 95107889, 533, 19, 2010, 8239);
insert into VIRTUAL_BANK (CARD_NUMBER, FIRST_NAME, LAST_NAME, EMAIL, PASSWORD, NATIONAL_ID, SECURITY_CODE, EXPIRATION_MONTH, EXPIRATION_YEAR, CREDIT) values ('5048376822510837', 'Rivkah', 'ducarme', 'rducarmex@mac.com', 'xDj7knDbZB', 13122232, 156, 22, 2028, 7383);
insert into VIRTUAL_BANK (CARD_NUMBER, FIRST_NAME, LAST_NAME, EMAIL, PASSWORD, NATIONAL_ID, SECURITY_CODE, EXPIRATION_MONTH, EXPIRATION_YEAR, CREDIT) values ('3529966629701069', 'Thornie', 'Kimbell', 'tkimbelly@telegraph.co.uk', 'NUhjxYACA9U', 75783934, 663, 3, 2015, 5886);
insert into VIRTUAL_BANK (CARD_NUMBER, FIRST_NAME, LAST_NAME, EMAIL, PASSWORD, NATIONAL_ID, SECURITY_CODE, EXPIRATION_MONTH, EXPIRATION_YEAR, CREDIT) values ('345009850186417', 'Henriette', 'Gavahan', 'hgavahanz@creativecommons.org', 'XNm5SuV', 62078833, 877, 11, 2026, 7649);
insert into VIRTUAL_BANK (CARD_NUMBER, FIRST_NAME, LAST_NAME, EMAIL, PASSWORD, NATIONAL_ID, SECURITY_CODE, EXPIRATION_MONTH, EXPIRATION_YEAR, CREDIT) values ('3536170826866541', 'Amaleta', 'Bourgour', 'abourgour10@wordpress.com', 'zjN9qqj65Z', 7514416, 291, 19, 2006, 8559);
insert into VIRTUAL_BANK (CARD_NUMBER, FIRST_NAME, LAST_NAME, EMAIL, PASSWORD, NATIONAL_ID, SECURITY_CODE, EXPIRATION_MONTH, EXPIRATION_YEAR, CREDIT) values ('30482591686526', 'Kirby', 'Cisneros', 'kcisneros11@state.gov', 'dN8PWoDPDF', 79599083, 713, 24, 2036, 9950);
insert into VIRTUAL_BANK (CARD_NUMBER, FIRST_NAME, LAST_NAME, EMAIL, PASSWORD, NATIONAL_ID, SECURITY_CODE, EXPIRATION_MONTH, EXPIRATION_YEAR, CREDIT) values ('5020715463686301', 'Larissa', 'Plampin', 'lplampin12@earthlink.net', 'kyvVbe4b', 5060194, 749, 25, 2022, 7057);
insert into VIRTUAL_BANK (CARD_NUMBER, FIRST_NAME, LAST_NAME, EMAIL, PASSWORD, NATIONAL_ID, SECURITY_CODE, EXPIRATION_MONTH, EXPIRATION_YEAR, CREDIT) values ('5610326224674713', 'Mohammed', 'Arlet', 'marlet13@ustream.tv', 'qJYTNatZ', 65057515, 359, 14, 2033, 5063);
insert into VIRTUAL_BANK (CARD_NUMBER, FIRST_NAME, LAST_NAME, EMAIL, PASSWORD, NATIONAL_ID, SECURITY_CODE, EXPIRATION_MONTH, EXPIRATION_YEAR, CREDIT) values ('4913743944453045', 'Cam', 'Simenot', 'csimenot14@reverbnation.com', '4Gl9AUn', 73861001, 850, 8, 2008, 6305);
insert into VIRTUAL_BANK (CARD_NUMBER, FIRST_NAME, LAST_NAME, EMAIL, PASSWORD, NATIONAL_ID, SECURITY_CODE, EXPIRATION_MONTH, EXPIRATION_YEAR, CREDIT) values ('5610504582378396', 'Sancho', 'Kenny', 'skenny15@edublogs.org', 'FgfPiF4y', 22980091, 596, 23, 2033, 7517);
insert into VIRTUAL_BANK (CARD_NUMBER, FIRST_NAME, LAST_NAME, EMAIL, PASSWORD, NATIONAL_ID, SECURITY_CODE, EXPIRATION_MONTH, EXPIRATION_YEAR, CREDIT) values ('3567648926900650', 'Marley', 'Ivimey', 'mivimey16@hibu.com', '2ZHowhcLF2', 76384090, 635, 10, 2035, 5375);
insert into VIRTUAL_BANK (CARD_NUMBER, FIRST_NAME, LAST_NAME, EMAIL, PASSWORD, NATIONAL_ID, SECURITY_CODE, EXPIRATION_MONTH, EXPIRATION_YEAR, CREDIT) values ('3573089040986659', 'Kellie', 'Laurand', 'klaurand17@yolasite.com', 'RJxyiE', 47534551, 875, 11, 2032, 6356);
insert into VIRTUAL_BANK (CARD_NUMBER, FIRST_NAME, LAST_NAME, EMAIL, PASSWORD, NATIONAL_ID, SECURITY_CODE, EXPIRATION_MONTH, EXPIRATION_YEAR, CREDIT) values ('6387914434507309', 'Allegra', 'Shackleford', 'ashackleford18@examiner.com', '81pm8tnVG', 72463909, 959, 5, 2026, 6299);
insert into VIRTUAL_BANK (CARD_NUMBER, FIRST_NAME, LAST_NAME, EMAIL, PASSWORD, NATIONAL_ID, SECURITY_CODE, EXPIRATION_MONTH, EXPIRATION_YEAR, CREDIT) values ('374288007103186', 'Sanders', 'Exer', 'sexer19@indiatimes.com', 'PqY0VCWoaPrn', 91777625, 186, 24, 2027, 6937);
insert into VIRTUAL_BANK (CARD_NUMBER, FIRST_NAME, LAST_NAME, EMAIL, PASSWORD, NATIONAL_ID, SECURITY_CODE, EXPIRATION_MONTH, EXPIRATION_YEAR, CREDIT) values ('676725478164635111', 'Tarrance', 'Blose', 'tblose1a@free.fr', 'wr5anx1Zw3', 69447800, 627, 18, 2018, 9378);
insert into VIRTUAL_BANK (CARD_NUMBER, FIRST_NAME, LAST_NAME, EMAIL, PASSWORD, NATIONAL_ID, SECURITY_CODE, EXPIRATION_MONTH, EXPIRATION_YEAR, CREDIT) values ('30571938008087', 'Aldwin', 'Arzu', 'aarzu1b@nsw.gov.au', 'JTpxmGaZ6', 45047839, 582, 6, 2004, 5699);
insert into VIRTUAL_BANK (CARD_NUMBER, FIRST_NAME, LAST_NAME, EMAIL, PASSWORD, NATIONAL_ID, SECURITY_CODE, EXPIRATION_MONTH, EXPIRATION_YEAR, CREDIT) values ('372301170320966', 'Luis', 'Banishevitz', 'lbanishevitz1c@goodreads.com', 'bxQBFn8C', 7796204, 271, 3, 2009, 9590);
insert into VIRTUAL_BANK (CARD_NUMBER, FIRST_NAME, LAST_NAME, EMAIL, PASSWORD, NATIONAL_ID, SECURITY_CODE, EXPIRATION_MONTH, EXPIRATION_YEAR, CREDIT) values ('30397887842213', 'Korie', 'Gwyn', 'kgwyn1d@google.com.au', 'iNr6ipxnOP', 29411953, 759, 10, 2027, 7906);
insert into VIRTUAL_BANK (CARD_NUMBER, FIRST_NAME, LAST_NAME, EMAIL, PASSWORD, NATIONAL_ID, SECURITY_CODE, EXPIRATION_MONTH, EXPIRATION_YEAR, CREDIT) values ('3563872216659974', 'Beverie', 'Lace', 'blace1e@miibeian.gov.cn', 'FeZBGJiridK', 21858120, 640, 12, 2022, 10000);
insert into VIRTUAL_BANK (CARD_NUMBER, FIRST_NAME, LAST_NAME, EMAIL, PASSWORD, NATIONAL_ID, SECURITY_CODE, EXPIRATION_MONTH, EXPIRATION_YEAR, CREDIT) values ('3565565168414335', 'Darn', 'Astlatt', 'dastlatt1f@slashdot.org', 'Hxo8nDCZqv', 75527819, 477, 12, 2005, 7549);
insert into VIRTUAL_BANK (CARD_NUMBER, FIRST_NAME, LAST_NAME, EMAIL, PASSWORD, NATIONAL_ID, SECURITY_CODE, EXPIRATION_MONTH, EXPIRATION_YEAR, CREDIT) values ('201855424840183', 'Kassia', 'Standish', 'kstandish1g@statcounter.com', 'Wf4JfKe74z', 24127877, 206, 21, 2029, 8662);
insert into VIRTUAL_BANK (CARD_NUMBER, FIRST_NAME, LAST_NAME, EMAIL, PASSWORD, NATIONAL_ID, SECURITY_CODE, EXPIRATION_MONTH, EXPIRATION_YEAR, CREDIT) values ('30306567560037', 'Magda', 'Meiningen', 'mmeiningen1h@myspace.com', 'wTBTRJtJn', 46230531, 483, 25, 2015, 9219);
insert into VIRTUAL_BANK (CARD_NUMBER, FIRST_NAME, LAST_NAME, EMAIL, PASSWORD, NATIONAL_ID, SECURITY_CODE, EXPIRATION_MONTH, EXPIRATION_YEAR, CREDIT) values ('5048371992234136', 'Mohammed', 'Drane', 'mdrane1i@columbia.edu', 'PHl7C1R2s7', 84179000, 356, 19, 2033, 7021);
insert into VIRTUAL_BANK (CARD_NUMBER, FIRST_NAME, LAST_NAME, EMAIL, PASSWORD, NATIONAL_ID, SECURITY_CODE, EXPIRATION_MONTH, EXPIRATION_YEAR, CREDIT) values ('5007660521340144', 'Randi', 'Allicock', 'rallicock1j@4shared.com', 'YbhwPPeK5ro', 42323505, 987, 26, 2011, 6066);
insert into VIRTUAL_BANK (CARD_NUMBER, FIRST_NAME, LAST_NAME, EMAIL, PASSWORD, NATIONAL_ID, SECURITY_CODE, EXPIRATION_MONTH, EXPIRATION_YEAR, CREDIT) values ('3538831231737563', 'Jeremie', 'Praten', 'jpraten1k@dailymail.co.uk', '9Qx3YEk4MI', 57471343, 890, 25, 2030, 5043);
insert into VIRTUAL_BANK (CARD_NUMBER, FIRST_NAME, LAST_NAME, EMAIL, PASSWORD, NATIONAL_ID, SECURITY_CODE, EXPIRATION_MONTH, EXPIRATION_YEAR, CREDIT) values ('3573156025259053', 'Rowe', 'Lougheid', 'rlougheid1l@livejournal.com', 'd9xEPCbw', 93553924, 108, 7, 2039, 8719);
insert into VIRTUAL_BANK (CARD_NUMBER, FIRST_NAME, LAST_NAME, EMAIL, PASSWORD, NATIONAL_ID, SECURITY_CODE, EXPIRATION_MONTH, EXPIRATION_YEAR, CREDIT) values ('3546298361110468', 'Northrop', 'Segges', 'nsegges1m@clickbank.net', 'NyNGHoXRNOv', 95231395, 527, 13, 2037, 8245);
insert into VIRTUAL_BANK (CARD_NUMBER, FIRST_NAME, LAST_NAME, EMAIL, PASSWORD, NATIONAL_ID, SECURITY_CODE, EXPIRATION_MONTH, EXPIRATION_YEAR, CREDIT) values ('6304795135402126', 'Andriana', 'Gasken', 'agasken1n@msu.edu', 'S21bo5', 47667799, 698, 10, 2000, 6816);


--Insert ORDER_PRODUCT
insert into order_product (ORDER_ID, NUMBER_OF_UNITS, PRODUCT_ID) values (33, 34, 14);
insert into order_product (ORDER_ID, NUMBER_OF_UNITS, PRODUCT_ID) values (41, 50, 36);
insert into order_product (ORDER_ID, NUMBER_OF_UNITS, PRODUCT_ID) values (14, 31, 6);
insert into order_product (ORDER_ID, NUMBER_OF_UNITS, PRODUCT_ID) values (55, 54, 28);
insert into order_product (ORDER_ID, NUMBER_OF_UNITS, PRODUCT_ID) values (20, 25, 18);
insert into order_product (ORDER_ID, NUMBER_OF_UNITS, PRODUCT_ID) values (3, 69, 36);
insert into order_product (ORDER_ID, NUMBER_OF_UNITS, PRODUCT_ID) values (31, 47, 34);
insert into order_product (ORDER_ID, NUMBER_OF_UNITS, PRODUCT_ID) values (58, 32, 11);
insert into order_product (ORDER_ID, NUMBER_OF_UNITS, PRODUCT_ID) values (57, 16, 8);
insert into order_product (ORDER_ID, NUMBER_OF_UNITS, PRODUCT_ID) values (58, 51, 2);
insert into order_product (ORDER_ID, NUMBER_OF_UNITS, PRODUCT_ID) values (15, 77, 5);
insert into order_product (ORDER_ID, NUMBER_OF_UNITS, PRODUCT_ID) values (24, 21, 24);
insert into order_product (ORDER_ID, NUMBER_OF_UNITS, PRODUCT_ID) values (49, 76, 39);
insert into order_product (ORDER_ID, NUMBER_OF_UNITS, PRODUCT_ID) values (9, 66, 23);
insert into order_product (ORDER_ID, NUMBER_OF_UNITS, PRODUCT_ID) values (47, 20, 5);
insert into order_product (ORDER_ID, NUMBER_OF_UNITS, PRODUCT_ID) values (48, 53, 5);
insert into order_product (ORDER_ID, NUMBER_OF_UNITS, PRODUCT_ID) values (15, 29, 18);
insert into order_product (ORDER_ID, NUMBER_OF_UNITS, PRODUCT_ID) values (48, 37, 40);
insert into order_product (ORDER_ID, NUMBER_OF_UNITS, PRODUCT_ID) values (38, 13, 13);
insert into order_product (ORDER_ID, NUMBER_OF_UNITS, PRODUCT_ID) values (6, 31, 34);
insert into order_product (ORDER_ID, NUMBER_OF_UNITS, PRODUCT_ID) values (49, 93, 20);
insert into order_product (ORDER_ID, NUMBER_OF_UNITS, PRODUCT_ID) values (14, 8, 37);
insert into order_product (ORDER_ID, NUMBER_OF_UNITS, PRODUCT_ID) values (22, 2, 6);
insert into order_product (ORDER_ID, NUMBER_OF_UNITS, PRODUCT_ID) values (51, 57, 31);
insert into order_product (ORDER_ID, NUMBER_OF_UNITS, PRODUCT_ID) values (20, 82, 16);
insert into order_product (ORDER_ID, NUMBER_OF_UNITS, PRODUCT_ID) values (55, 44, 1);
insert into order_product (ORDER_ID, NUMBER_OF_UNITS, PRODUCT_ID) values (19, 43, 7);
insert into order_product (ORDER_ID, NUMBER_OF_UNITS, PRODUCT_ID) values (47, 52, 40);
insert into order_product (ORDER_ID, NUMBER_OF_UNITS, PRODUCT_ID) values (57, 23, 40);
insert into order_product (ORDER_ID, NUMBER_OF_UNITS, PRODUCT_ID) values (41, 28, 22);
insert into order_product (ORDER_ID, NUMBER_OF_UNITS, PRODUCT_ID) values (17, 85, 37);
insert into order_product (ORDER_ID, NUMBER_OF_UNITS, PRODUCT_ID) values (38, 23, 21);
insert into order_product (ORDER_ID, NUMBER_OF_UNITS, PRODUCT_ID) values (29, 20, 27);
insert into order_product (ORDER_ID, NUMBER_OF_UNITS, PRODUCT_ID) values (21, 1, 15);
insert into order_product (ORDER_ID, NUMBER_OF_UNITS, PRODUCT_ID) values (21, 28, 40);
insert into order_product (ORDER_ID, NUMBER_OF_UNITS, PRODUCT_ID) values (24, 96, 9);
insert into order_product (ORDER_ID, NUMBER_OF_UNITS, PRODUCT_ID) values (39, 84, 40);
insert into order_product (ORDER_ID, NUMBER_OF_UNITS, PRODUCT_ID) values (11, 90, 23);
insert into order_product (ORDER_ID, NUMBER_OF_UNITS, PRODUCT_ID) values (47, 33, 22);
insert into order_product (ORDER_ID, NUMBER_OF_UNITS, PRODUCT_ID) values (17, 95, 25);
insert into order_product (ORDER_ID, NUMBER_OF_UNITS, PRODUCT_ID) values (49, 93, 16);
insert into order_product (ORDER_ID, NUMBER_OF_UNITS, PRODUCT_ID) values (7, 20, 19);
insert into order_product (ORDER_ID, NUMBER_OF_UNITS, PRODUCT_ID) values (16, 66, 33);
insert into order_product (ORDER_ID, NUMBER_OF_UNITS, PRODUCT_ID) values (44, 43, 33);
insert into order_product (ORDER_ID, NUMBER_OF_UNITS, PRODUCT_ID) values (12, 9, 27);
insert into order_product (ORDER_ID, NUMBER_OF_UNITS, PRODUCT_ID) values (46, 21, 38);
insert into order_product (ORDER_ID, NUMBER_OF_UNITS, PRODUCT_ID) values (10, 23, 1);
insert into order_product (ORDER_ID, NUMBER_OF_UNITS, PRODUCT_ID) values (44, 80, 30);
insert into order_product (ORDER_ID, NUMBER_OF_UNITS, PRODUCT_ID) values (56, 24, 10);
insert into order_product (ORDER_ID, NUMBER_OF_UNITS, PRODUCT_ID) values (1, 22, 37);
insert into order_product (ORDER_ID, NUMBER_OF_UNITS, PRODUCT_ID) values (43, 68, 27);
insert into order_product (ORDER_ID, NUMBER_OF_UNITS, PRODUCT_ID) values (13, 90, 38);
insert into order_product (ORDER_ID, NUMBER_OF_UNITS, PRODUCT_ID) values (51, 31, 2);
insert into order_product (ORDER_ID, NUMBER_OF_UNITS, PRODUCT_ID) values (33, 42, 40);
insert into order_product (ORDER_ID, NUMBER_OF_UNITS, PRODUCT_ID) values (43, 82, 15);
insert into order_product (ORDER_ID, NUMBER_OF_UNITS, PRODUCT_ID) values (17, 55, 22);
insert into order_product (ORDER_ID, NUMBER_OF_UNITS, PRODUCT_ID) values (35, 20, 25);
insert into order_product (ORDER_ID, NUMBER_OF_UNITS, PRODUCT_ID) values (45, 69, 32);
insert into order_product (ORDER_ID, NUMBER_OF_UNITS, PRODUCT_ID) values (25, 75, 34);
insert into order_product (ORDER_ID, NUMBER_OF_UNITS, PRODUCT_ID) values (50, 60, 23);
insert into order_product (ORDER_ID, NUMBER_OF_UNITS, PRODUCT_ID) values (49, 89, 21);
insert into order_product (ORDER_ID, NUMBER_OF_UNITS, PRODUCT_ID) values (51, 13, 25);
insert into order_product (ORDER_ID, NUMBER_OF_UNITS, PRODUCT_ID) values (43, 19, 18);
insert into order_product (ORDER_ID, NUMBER_OF_UNITS, PRODUCT_ID) values (2, 6, 14);
insert into order_product (ORDER_ID, NUMBER_OF_UNITS, PRODUCT_ID) values (41, 62, 6);
insert into order_product (ORDER_ID, NUMBER_OF_UNITS, PRODUCT_ID) values (16, 99, 40);
insert into order_product (ORDER_ID, NUMBER_OF_UNITS, PRODUCT_ID) values (34, 13, 2);
insert into order_product (ORDER_ID, NUMBER_OF_UNITS, PRODUCT_ID) values (3, 40, 23);
insert into order_product (ORDER_ID, NUMBER_OF_UNITS, PRODUCT_ID) values (36, 22, 31);
insert into order_product (ORDER_ID, NUMBER_OF_UNITS, PRODUCT_ID) values (16, 2, 36);
insert into order_product (ORDER_ID, NUMBER_OF_UNITS, PRODUCT_ID) values (21, 66, 26);
insert into order_product (ORDER_ID, NUMBER_OF_UNITS, PRODUCT_ID) values (27, 3, 13);
insert into order_product (ORDER_ID, NUMBER_OF_UNITS, PRODUCT_ID) values (11, 69, 25);
insert into order_product (ORDER_ID, NUMBER_OF_UNITS, PRODUCT_ID) values (56, 10, 26);
insert into order_product (ORDER_ID, NUMBER_OF_UNITS, PRODUCT_ID) values (3, 63, 6);
insert into order_product (ORDER_ID, NUMBER_OF_UNITS, PRODUCT_ID) values (48, 10, 18);
insert into order_product (ORDER_ID, NUMBER_OF_UNITS, PRODUCT_ID) values (2, 27, 18);
insert into order_product (ORDER_ID, NUMBER_OF_UNITS, PRODUCT_ID) values (35, 82, 15);
insert into order_product (ORDER_ID, NUMBER_OF_UNITS, PRODUCT_ID) values (18, 32, 12);
insert into order_product (ORDER_ID, NUMBER_OF_UNITS, PRODUCT_ID) values (5, 74, 17);
insert into order_product (ORDER_ID, NUMBER_OF_UNITS, PRODUCT_ID) values (58, 23, 1);
insert into order_product (ORDER_ID, NUMBER_OF_UNITS, PRODUCT_ID) values (2, 69, 23);
insert into order_product (ORDER_ID, NUMBER_OF_UNITS, PRODUCT_ID) values (22, 70, 15);
insert into order_product (ORDER_ID, NUMBER_OF_UNITS, PRODUCT_ID) values (20, 76, 25);
insert into order_product (ORDER_ID, NUMBER_OF_UNITS, PRODUCT_ID) values (45, 99, 28);
insert into order_product (ORDER_ID, NUMBER_OF_UNITS, PRODUCT_ID) values (32, 16, 31);
insert into order_product (ORDER_ID, NUMBER_OF_UNITS, PRODUCT_ID) values (14, 87, 1);
insert into order_product (ORDER_ID, NUMBER_OF_UNITS, PRODUCT_ID) values (6, 76, 32);
insert into order_product (ORDER_ID, NUMBER_OF_UNITS, PRODUCT_ID) values (38, 50, 12);
insert into order_product (ORDER_ID, NUMBER_OF_UNITS, PRODUCT_ID) values (28, 87, 36);
insert into order_product (ORDER_ID, NUMBER_OF_UNITS, PRODUCT_ID) values (48, 30, 15);
insert into order_product (ORDER_ID, NUMBER_OF_UNITS, PRODUCT_ID) values (42, 39, 19);
insert into order_product (ORDER_ID, NUMBER_OF_UNITS, PRODUCT_ID) values (31, 30, 36);
insert into order_product (ORDER_ID, NUMBER_OF_UNITS, PRODUCT_ID) values (18, 76, 9);
insert into order_product (ORDER_ID, NUMBER_OF_UNITS, PRODUCT_ID) values (45, 97, 32);
insert into order_product (ORDER_ID, NUMBER_OF_UNITS, PRODUCT_ID) values (26, 26, 20);
insert into order_product (ORDER_ID, NUMBER_OF_UNITS, PRODUCT_ID) values (2, 10, 36);
insert into order_product (ORDER_ID, NUMBER_OF_UNITS, PRODUCT_ID) values (29, 79, 26);
insert into order_product (ORDER_ID, NUMBER_OF_UNITS, PRODUCT_ID) values (38, 93, 1);
insert into order_product (ORDER_ID, NUMBER_OF_UNITS, PRODUCT_ID) values (17, 37, 11);

-- Insert REVIEW_DELIVERY
insert into REVIEW_DELIVERY (REVIEW_ID, DENTIST_ID, DELIVERY_ID, REVIEW) values (1, 5, 9, 'In sagittis dui vel nisl. Duis ac nibh. Fusce lacus purus, aliquet at, feugiat non, pretium quis, lectus.');
insert into REVIEW_DELIVERY (REVIEW_ID, DENTIST_ID, DELIVERY_ID, REVIEW) values (2, 11, 7, 'Praesent blandit. Nam nulla. Integer pede justo, lacinia eget, tincidunt eget, tempus vel, pede.');
insert into REVIEW_DELIVERY (REVIEW_ID, DENTIST_ID, DELIVERY_ID, REVIEW) values (3, 18, 19, 'Curabitur gravida nisi at nibh. In hac habitasse platea dictumst. Aliquam augue quam, sollicitudin vitae, consectetuer eget, rutrum at, lorem.');
insert into REVIEW_DELIVERY (REVIEW_ID, DENTIST_ID, DELIVERY_ID, REVIEW) values (4, 8, 9, 'Maecenas leo odio, condimentum id, luctus nec, molestie sed, justo. Pellentesque viverra pede ac diam. Cras pellentesque volutpat dui.');
insert into REVIEW_DELIVERY (REVIEW_ID, DENTIST_ID, DELIVERY_ID, REVIEW) values (5, 1, 4, 'Lorem ipsum dolor sit amet, consectetuer adipiscing elit. Proin risus. Praesent lectus.');
insert into REVIEW_DELIVERY (REVIEW_ID, DENTIST_ID, DELIVERY_ID, REVIEW) values (6, 6, 2, 'Mauris enim leo, rhoncus sed, vestibulum sit amet, cursus id, turpis. Integer aliquet, massa id lobortis convallis, tortor risus dapibus augue, vel accumsan tellus nisi eu orci. Mauris lacinia sapien quis libero.');
insert into REVIEW_DELIVERY (REVIEW_ID, DENTIST_ID, DELIVERY_ID, REVIEW) values (7, 2, 1, 'Quisque id justo sit amet sapien dignissim vestibulum. Vestibulum ante ipsum primis in faucibus orci luctus et ultrices posuere cubilia Curae; Nulla dapibus dolor vel est. Donec odio justo, sollicitudin ut, suscipit a, feugiat et, eros.');
insert into REVIEW_DELIVERY (REVIEW_ID, DENTIST_ID, DELIVERY_ID, REVIEW) values (8, 11, 15, 'Praesent blandit. Nam nulla. Integer pede justo, lacinia eget, tincidunt eget, tempus vel, pede.');
insert into REVIEW_DELIVERY (REVIEW_ID, DENTIST_ID, DELIVERY_ID, REVIEW) values (9, 2, 19, 'In hac habitasse platea dictumst. Etiam faucibus cursus urna. Ut tellus.');
insert into REVIEW_DELIVERY (REVIEW_ID, DENTIST_ID, DELIVERY_ID, REVIEW) values (10, 9, 1, 'In hac habitasse platea dictumst. Etiam faucibus cursus urna. Ut tellus.');
insert into REVIEW_DELIVERY (REVIEW_ID, DENTIST_ID, DELIVERY_ID, REVIEW) values (11, 1, 16, 'Maecenas leo odio, condimentum id, luctus nec, molestie sed, justo. Pellentesque viverra pede ac diam. Cras pellentesque volutpat dui.');
insert into REVIEW_DELIVERY (REVIEW_ID, DENTIST_ID, DELIVERY_ID, REVIEW) values (12, 11, 16, 'Quisque porta volutpat erat. Quisque erat eros, viverra eget, congue eget, semper rutrum, nulla. Nunc purus.');
insert into REVIEW_DELIVERY (REVIEW_ID, DENTIST_ID, DELIVERY_ID, REVIEW) values (13, 10, 20, 'Curabitur in libero ut massa volutpat convallis. Morbi odio odio, elementum eu, interdum eu, tincidunt in, leo. Maecenas pulvinar lobortis est.');
insert into REVIEW_DELIVERY (REVIEW_ID, DENTIST_ID, DELIVERY_ID, REVIEW) values (14, 20, 12, 'Nam ultrices, libero non mattis pulvinar, nulla pede ullamcorper augue, a suscipit nulla elit ac nulla. Sed vel enim sit amet nunc viverra dapibus. Nulla suscipit ligula in lacus.');
insert into REVIEW_DELIVERY (REVIEW_ID, DENTIST_ID, DELIVERY_ID, REVIEW) values (15, 12, 10, 'Vestibulum quam sapien, varius ut, blandit non, interdum in, ante. Vestibulum ante ipsum primis in faucibus orci luctus et ultrices posuere cubilia Curae; Duis faucibus accumsan odio. Curabitur convallis.');
insert into REVIEW_DELIVERY (REVIEW_ID, DENTIST_ID, DELIVERY_ID, REVIEW) values (16, 8, 17, 'In sagittis dui vel nisl. Duis ac nibh. Fusce lacus purus, aliquet at, feugiat non, pretium quis, lectus.');
insert into REVIEW_DELIVERY (REVIEW_ID, DENTIST_ID, DELIVERY_ID, REVIEW) values (17, 11, 12, 'Quisque id justo sit amet sapien dignissim vestibulum. Vestibulum ante ipsum primis in faucibus orci luctus et ultrices posuere cubilia Curae; Nulla dapibus dolor vel est. Donec odio justo, sollicitudin ut, suscipit a, feugiat et, eros.');
insert into REVIEW_DELIVERY (REVIEW_ID, DENTIST_ID, DELIVERY_ID, REVIEW) values (18, 11, 13, 'In quis justo. Maecenas rhoncus aliquam lacus. Morbi quis tortor id nulla ultrices aliquet.');
insert into REVIEW_DELIVERY (REVIEW_ID, DENTIST_ID, DELIVERY_ID, REVIEW) values (19, 16, 19, 'Suspendisse potenti. In eleifend quam a odio. In hac habitasse platea dictumst.');
insert into REVIEW_DELIVERY (REVIEW_ID, DENTIST_ID, DELIVERY_ID, REVIEW) values (20, 1, 5, 'In hac habitasse platea dictumst. Morbi vestibulum, velit id pretium iaculis, diam erat fermentum justo, nec condimentum neque sapien placerat ante. Nulla justo.');

-- Insert GIFT_CARDS
insert into GIFT_CARDS (GIFT_CARD_ID, GIFT_CARD_NAME, DISCOUNT, CARD_PRICE, TOTAL_TIMES_USES) values (1, 'Voltsillam', 77, '8.52', 5);
insert into GIFT_CARDS (GIFT_CARD_ID, GIFT_CARD_NAME, DISCOUNT, CARD_PRICE, TOTAL_TIMES_USES) values (2, 'Veribet', 74, '3.29', 17);
insert into GIFT_CARDS (GIFT_CARD_ID, GIFT_CARD_NAME, DISCOUNT, CARD_PRICE, TOTAL_TIMES_USES) values (3, 'Kanlam', 6, '0.68', 9);
insert into GIFT_CARDS (GIFT_CARD_ID, GIFT_CARD_NAME, DISCOUNT, CARD_PRICE, TOTAL_TIMES_USES) values (4, 'Lotlux', 73, '9.56', 18);
insert into GIFT_CARDS (GIFT_CARD_ID, GIFT_CARD_NAME, DISCOUNT, CARD_PRICE, TOTAL_TIMES_USES) values (5, 'Alphazap', 85, '6.44', 19);
insert into GIFT_CARDS (GIFT_CARD_ID, GIFT_CARD_NAME, DISCOUNT, CARD_PRICE, TOTAL_TIMES_USES) values (6, 'Regrant', 16, '0.13', 3);
insert into GIFT_CARDS (GIFT_CARD_ID, GIFT_CARD_NAME, DISCOUNT, CARD_PRICE, TOTAL_TIMES_USES) values (7, 'Span', 82, '3.87', 15);
insert into GIFT_CARDS (GIFT_CARD_ID, GIFT_CARD_NAME, DISCOUNT, CARD_PRICE, TOTAL_TIMES_USES) values (8, 'Bitwolf', 85, '3.16', 14);
insert into GIFT_CARDS (GIFT_CARD_ID, GIFT_CARD_NAME, DISCOUNT, CARD_PRICE, TOTAL_TIMES_USES) values (9, 'Tresom', 34, '2.09', 10);
insert into GIFT_CARDS (GIFT_CARD_ID, GIFT_CARD_NAME, DISCOUNT, CARD_PRICE, TOTAL_TIMES_USES) values (10, 'Subin', 71, '7.19', 20);
insert into GIFT_CARDS (GIFT_CARD_ID, GIFT_CARD_NAME, DISCOUNT, CARD_PRICE, TOTAL_TIMES_USES) values (11, 'Subin', 96, '8.98', 10);
insert into GIFT_CARDS (GIFT_CARD_ID, GIFT_CARD_NAME, DISCOUNT, CARD_PRICE, TOTAL_TIMES_USES) values (12, 'Aerified', 37, '4.42', 5);
insert into GIFT_CARDS (GIFT_CARD_ID, GIFT_CARD_NAME, DISCOUNT, CARD_PRICE, TOTAL_TIMES_USES) values (13, 'Zamit', 63, '2.74', 12);
insert into GIFT_CARDS (GIFT_CARD_ID, GIFT_CARD_NAME, DISCOUNT, CARD_PRICE, TOTAL_TIMES_USES) values (14, 'Tin', 62, '7.19', 15);
insert into GIFT_CARDS (GIFT_CARD_ID, GIFT_CARD_NAME, DISCOUNT, CARD_PRICE, TOTAL_TIMES_USES) values (15, 'Namfix', 57, '9.39', 6);
insert into GIFT_CARDS (GIFT_CARD_ID, GIFT_CARD_NAME, DISCOUNT, CARD_PRICE, TOTAL_TIMES_USES) values (16, 'Mat Lam Tam', 40, '7.31', 18);
insert into GIFT_CARDS (GIFT_CARD_ID, GIFT_CARD_NAME, DISCOUNT, CARD_PRICE, TOTAL_TIMES_USES) values (17, 'Span', 90, '3.33', 3);
insert into GIFT_CARDS (GIFT_CARD_ID, GIFT_CARD_NAME, DISCOUNT, CARD_PRICE, TOTAL_TIMES_USES) values (18, 'Tempsoft', 37, '3.00', 9);
insert into GIFT_CARDS (GIFT_CARD_ID, GIFT_CARD_NAME, DISCOUNT, CARD_PRICE, TOTAL_TIMES_USES) values (19, 'Treeflex', 69, '4.54', 15);
insert into GIFT_CARDS (GIFT_CARD_ID, GIFT_CARD_NAME, DISCOUNT, CARD_PRICE, TOTAL_TIMES_USES) values (20, 'Flexidy', 17, '3.75', 5);

--Insert Has Gift Card
insert into HAS_GIFT_CARD (DENTIST_ID, GIFT_CARD_ID, EXPIRATION_DATE, REMAINING_USES) values (4, 16, '2020-07-20', 15);
insert into HAS_GIFT_CARD (DENTIST_ID, GIFT_CARD_ID, EXPIRATION_DATE, REMAINING_USES) values (20, 3, '2021-01-20', 5);
insert into HAS_GIFT_CARD (DENTIST_ID, GIFT_CARD_ID, EXPIRATION_DATE, REMAINING_USES) values (10, 15, '2020-08-07', 14);
insert into HAS_GIFT_CARD (DENTIST_ID, GIFT_CARD_ID, EXPIRATION_DATE, REMAINING_USES) values (2, 20, '2021-06-13', 3);
insert into HAS_GIFT_CARD (DENTIST_ID, GIFT_CARD_ID, EXPIRATION_DATE, REMAINING_USES) values (5, 5, '2020-07-31', 8);
insert into HAS_GIFT_CARD (DENTIST_ID, GIFT_CARD_ID, EXPIRATION_DATE, REMAINING_USES) values (11, 6, '2020-08-08', 13);
insert into HAS_GIFT_CARD (DENTIST_ID, GIFT_CARD_ID, EXPIRATION_DATE, REMAINING_USES) values (3, 1, '2021-10-22', 15);
insert into HAS_GIFT_CARD (DENTIST_ID, GIFT_CARD_ID, EXPIRATION_DATE, REMAINING_USES) values (8, 11, '2021-02-22', 14);
insert into HAS_GIFT_CARD (DENTIST_ID, GIFT_CARD_ID, EXPIRATION_DATE, REMAINING_USES) values (16, 13, '2021-06-25', 11);
insert into HAS_GIFT_CARD (DENTIST_ID, GIFT_CARD_ID, EXPIRATION_DATE, REMAINING_USES) values (17, 14, '2020-01-13', 10);
insert into HAS_GIFT_CARD (DENTIST_ID, GIFT_CARD_ID, EXPIRATION_DATE, REMAINING_USES) values (8, 17, '2020-05-03', 3);
insert into HAS_GIFT_CARD (DENTIST_ID, GIFT_CARD_ID, EXPIRATION_DATE, REMAINING_USES) values (20, 18, '2020-05-02', 11);
insert into HAS_GIFT_CARD (DENTIST_ID, GIFT_CARD_ID, EXPIRATION_DATE, REMAINING_USES) values (1, 18, '2020-02-28', 10);
insert into HAS_GIFT_CARD (DENTIST_ID, GIFT_CARD_ID, EXPIRATION_DATE, REMAINING_USES) values (18, 10, '2020-08-14', 12);
insert into HAS_GIFT_CARD (DENTIST_ID, GIFT_CARD_ID, EXPIRATION_DATE, REMAINING_USES) values (11, 3, '2020-11-11', 3);
insert into HAS_GIFT_CARD (DENTIST_ID, GIFT_CARD_ID, EXPIRATION_DATE, REMAINING_USES) values (8, 6, '2021-12-12', 6);
insert into HAS_GIFT_CARD (DENTIST_ID, GIFT_CARD_ID, EXPIRATION_DATE, REMAINING_USES) values (15, 1, '2020-10-20', 11);
insert into HAS_GIFT_CARD (DENTIST_ID, GIFT_CARD_ID, EXPIRATION_DATE, REMAINING_USES) values (7, 14, '2021-11-30', 6);
insert into HAS_GIFT_CARD (DENTIST_ID, GIFT_CARD_ID, EXPIRATION_DATE, REMAINING_USES) values (5, 17, '2021-09-26', 13);
insert into HAS_GIFT_CARD (DENTIST_ID, GIFT_CARD_ID, EXPIRATION_DATE, REMAINING_USES) values (3, 2, '2020-12-25', 15);


--Insert GIFT_PRODUCTS
insert into GIFT_PRODUCTS (GIFT_CARD_ID, PRODUCT_ID) values (11, 37);
insert into GIFT_PRODUCTS (GIFT_CARD_ID, PRODUCT_ID) values (5, 36);
insert into GIFT_PRODUCTS (GIFT_CARD_ID, PRODUCT_ID) values (4, 16);
insert into GIFT_PRODUCTS (GIFT_CARD_ID, PRODUCT_ID) values (4, 19);
insert into GIFT_PRODUCTS (GIFT_CARD_ID, PRODUCT_ID) values (20, 24);
insert into GIFT_PRODUCTS (GIFT_CARD_ID, PRODUCT_ID) values (11, 20);
insert into GIFT_PRODUCTS (GIFT_CARD_ID, PRODUCT_ID) values (19, 31);
insert into GIFT_PRODUCTS (GIFT_CARD_ID, PRODUCT_ID) values (10, 8);
insert into GIFT_PRODUCTS (GIFT_CARD_ID, PRODUCT_ID) values (7, 31);
insert into GIFT_PRODUCTS (GIFT_CARD_ID, PRODUCT_ID) values (8, 34);
insert into GIFT_PRODUCTS (GIFT_CARD_ID, PRODUCT_ID) values (11, 25);
insert into GIFT_PRODUCTS (GIFT_CARD_ID, PRODUCT_ID) values (4, 21);
insert into GIFT_PRODUCTS (GIFT_CARD_ID, PRODUCT_ID) values (12, 37);
insert into GIFT_PRODUCTS (GIFT_CARD_ID, PRODUCT_ID) values (18, 12);
insert into GIFT_PRODUCTS (GIFT_CARD_ID, PRODUCT_ID) values (18, 34);
insert into GIFT_PRODUCTS (GIFT_CARD_ID, PRODUCT_ID) values (14, 22);
insert into GIFT_PRODUCTS (GIFT_CARD_ID, PRODUCT_ID) values (12, 19);
insert into GIFT_PRODUCTS (GIFT_CARD_ID, PRODUCT_ID) values (11, 17);
insert into GIFT_PRODUCTS (GIFT_CARD_ID, PRODUCT_ID) values (3, 11);
insert into GIFT_PRODUCTS (GIFT_CARD_ID, PRODUCT_ID) values (2, 10);

--Insert OFFERS
insert into OFFERS (OFFER_ID, PRODUCT_ID, DISCOUNT) values (1, 39, 402);
insert into OFFERS (OFFER_ID, PRODUCT_ID, DISCOUNT) values (2, 21, 96);
insert into OFFERS (OFFER_ID, PRODUCT_ID, DISCOUNT) values (3, 12, 148);
insert into OFFERS (OFFER_ID, PRODUCT_ID, DISCOUNT) values (4, 25, 352);
insert into OFFERS (OFFER_ID, PRODUCT_ID, DISCOUNT) values (5, 4, 156);
insert into OFFERS (OFFER_ID, PRODUCT_ID, DISCOUNT) values (6, 37, 5);
insert into OFFERS (OFFER_ID, PRODUCT_ID, DISCOUNT) values (7, 5, 313);
insert into OFFERS (OFFER_ID, PRODUCT_ID, DISCOUNT) values (8, 38, 37);
insert into OFFERS (OFFER_ID, PRODUCT_ID, DISCOUNT) values (9, 5, 211);
insert into OFFERS (OFFER_ID, PRODUCT_ID, DISCOUNT) values (10, 10, 424);
insert into OFFERS (OFFER_ID, PRODUCT_ID, DISCOUNT) values (11, 14, 138);
insert into OFFERS (OFFER_ID, PRODUCT_ID, DISCOUNT) values (12, 8, 40);
insert into OFFERS (OFFER_ID, PRODUCT_ID, DISCOUNT) values (13, 15, 447);
insert into OFFERS (OFFER_ID, PRODUCT_ID, DISCOUNT) values (14, 33, 346);
insert into OFFERS (OFFER_ID, PRODUCT_ID, DISCOUNT) values (15, 3, 216);
insert into OFFERS (OFFER_ID, PRODUCT_ID, DISCOUNT) values (16, 24, 280);
insert into OFFERS (OFFER_ID, PRODUCT_ID, DISCOUNT) values (17, 22, 291);
insert into OFFERS (OFFER_ID, PRODUCT_ID, DISCOUNT) values (18, 17, 453);
insert into OFFERS (OFFER_ID, PRODUCT_ID, DISCOUNT) values (19, 16, 72);
insert into OFFERS (OFFER_ID, PRODUCT_ID, DISCOUNT) values (20, 8, 294);

--Insert SCEDULE_PRODUCT
insert into SCEDULE_PRODUCT (SCEDULE_PRODUCT_ID, PRODUCT_ID, DENTIST_ID, DURATION, NoUnits) values (1, 35, 6, 26, 7);
insert into SCEDULE_PRODUCT (SCEDULE_PRODUCT_ID, PRODUCT_ID, DENTIST_ID, DURATION, NoUnits) values (2, 18, 19, 23, 16);
insert into SCEDULE_PRODUCT (SCEDULE_PRODUCT_ID, PRODUCT_ID, DENTIST_ID, DURATION, NoUnits) values (3, 34, 10, 7, 18);
insert into SCEDULE_PRODUCT (SCEDULE_PRODUCT_ID, PRODUCT_ID, DENTIST_ID, DURATION, NoUnits) values (4, 1, 12, 26, 3);
insert into SCEDULE_PRODUCT (SCEDULE_PRODUCT_ID, PRODUCT_ID, DENTIST_ID, DURATION, NoUnits) values (5, 28, 2, 19, 16);
insert into SCEDULE_PRODUCT (SCEDULE_PRODUCT_ID, PRODUCT_ID, DENTIST_ID, DURATION, NoUnits) values (6, 22, 10, 12, 15);
insert into SCEDULE_PRODUCT (SCEDULE_PRODUCT_ID, PRODUCT_ID, DENTIST_ID, DURATION, NoUnits) values (7, 26, 6, 1, 18);
insert into SCEDULE_PRODUCT (SCEDULE_PRODUCT_ID, PRODUCT_ID, DENTIST_ID, DURATION, NoUnits) values (8, 2, 1, 27, 15);
insert into SCEDULE_PRODUCT (SCEDULE_PRODUCT_ID, PRODUCT_ID, DENTIST_ID, DURATION, NoUnits) values (9, 39, 4, 1, 16);
insert into SCEDULE_PRODUCT (SCEDULE_PRODUCT_ID, PRODUCT_ID, DENTIST_ID, DURATION, NoUnits) values (10, 34, 6, 2, 6);
insert into SCEDULE_PRODUCT (SCEDULE_PRODUCT_ID, PRODUCT_ID, DENTIST_ID, DURATION, NoUnits) values (11, 3, 12, 5, 20);
insert into SCEDULE_PRODUCT (SCEDULE_PRODUCT_ID, PRODUCT_ID, DENTIST_ID, DURATION, NoUnits) values (12, 38, 8, 25, 17);
insert into SCEDULE_PRODUCT (SCEDULE_PRODUCT_ID, PRODUCT_ID, DENTIST_ID, DURATION, NoUnits) values (13, 30, 11, 8, 20);
insert into SCEDULE_PRODUCT (SCEDULE_PRODUCT_ID, PRODUCT_ID, DENTIST_ID, DURATION, NoUnits) values (14, 34, 15, 5, 19);
insert into SCEDULE_PRODUCT (SCEDULE_PRODUCT_ID, PRODUCT_ID, DENTIST_ID, DURATION, NoUnits) values (15, 28, 11, 7, 3);
insert into SCEDULE_PRODUCT (SCEDULE_PRODUCT_ID, PRODUCT_ID, DENTIST_ID, DURATION, NoUnits) values (16, 21, 5, 14, 20);
insert into SCEDULE_PRODUCT (SCEDULE_PRODUCT_ID, PRODUCT_ID, DENTIST_ID, DURATION, NoUnits) values (17, 4, 16, 20, 7);
insert into SCEDULE_PRODUCT (SCEDULE_PRODUCT_ID, PRODUCT_ID, DENTIST_ID, DURATION, NoUnits) values (18, 33, 2, 11, 1);
insert into SCEDULE_PRODUCT (SCEDULE_PRODUCT_ID, PRODUCT_ID, DENTIST_ID, DURATION, NoUnits) values (19, 3, 5, 14, 17);
insert into SCEDULE_PRODUCT (SCEDULE_PRODUCT_ID, PRODUCT_ID, DENTIST_ID, DURATION, NoUnits) values (20, 23, 5, 9, 8);

-- Insert DENTIST_COMMENT
insert into DENTIST_COMMENT (COMMENT_ID, DENTIST_ID, PRODUCT_ID, COMMENT_CONTEXT, COMMENT_TIME, LIKES) values (1, 18, 6, 'Maecenas tristique, est et tempus semper, est quam pharetra magna, ac consequat metus sapien ut nunc. Vestibulum ante ipsum primis in faucibus orci luctus et ultrices posuere cubilia Curae; Mauris viverra diam vitae quam. Suspendisse potenti.', '2020-04-18', 1);
insert into DENTIST_COMMENT (COMMENT_ID, DENTIST_ID, PRODUCT_ID, COMMENT_CONTEXT, COMMENT_TIME, LIKES) values (2, 13, 12, 'Fusce consequat. Nulla nisl. Nunc nisl.', '2020-07-23', 7);
insert into DENTIST_COMMENT (COMMENT_ID, DENTIST_ID, PRODUCT_ID, COMMENT_CONTEXT, COMMENT_TIME, LIKES) values (3, 7, 9, 'Curabitur gravida nisi at nibh. In hac habitasse platea dictumst. Aliquam augue quam, sollicitudin vitae, consectetuer eget, rutrum at, lorem.', '2020-04-30', 19);
insert into DENTIST_COMMENT (COMMENT_ID, DENTIST_ID, PRODUCT_ID, COMMENT_CONTEXT, COMMENT_TIME, LIKES) values (4, 3, 9, 'Aenean fermentum. Donec ut mauris eget massa tempor convallis. Nulla neque libero, convallis eget, eleifend luctus, ultricies eu, nibh.', '2020-09-06', 4);
insert into DENTIST_COMMENT (COMMENT_ID, DENTIST_ID, PRODUCT_ID, COMMENT_CONTEXT, COMMENT_TIME, LIKES) values (5, 11, 2, 'Vestibulum quam sapien, varius ut, blandit non, interdum in, ante. Vestibulum ante ipsum primis in faucibus orci luctus et ultrices posuere cubilia Curae; Duis faucibus accumsan odio. Curabitur convallis.', '2020-11-01', 1);
insert into DENTIST_COMMENT (COMMENT_ID, DENTIST_ID, PRODUCT_ID, COMMENT_CONTEXT, COMMENT_TIME, LIKES) values (6, 20, 29, 'Duis bibendum. Morbi non quam nec dui luctus rutrum. Nulla tellus.', '2020-05-05', 7);
insert into DENTIST_COMMENT (COMMENT_ID, DENTIST_ID, PRODUCT_ID, COMMENT_CONTEXT, COMMENT_TIME, LIKES) values (7, 9, 28, 'Curabitur at ipsum ac tellus semper interdum. Mauris ullamcorper purus sit amet nulla. Quisque arcu libero, rutrum ac, lobortis vel, dapibus at, diam.', '2020-02-25', 2);
insert into DENTIST_COMMENT (COMMENT_ID, DENTIST_ID, PRODUCT_ID, COMMENT_CONTEXT, COMMENT_TIME, LIKES) values (8, 20, 3, 'Praesent blandit. Nam nulla. Integer pede justo, lacinia eget, tincidunt eget, tempus vel, pede.', '2020-05-05', 7);
insert into DENTIST_COMMENT (COMMENT_ID, DENTIST_ID, PRODUCT_ID, COMMENT_CONTEXT, COMMENT_TIME, LIKES) values (9, 12, 24, 'Curabitur gravida nisi at nibh. In hac habitasse platea dictumst. Aliquam augue quam, sollicitudin vitae, consectetuer eget, rutrum at, lorem.', '2020-04-12', 19);
insert into DENTIST_COMMENT (COMMENT_ID, DENTIST_ID, PRODUCT_ID, COMMENT_CONTEXT, COMMENT_TIME, LIKES) values (10, 19, 13, 'Phasellus sit amet erat. Nulla tempus. Vivamus in felis eu sapien cursus vestibulum.', '2020-07-28', 1);
insert into DENTIST_COMMENT (COMMENT_ID, DENTIST_ID, PRODUCT_ID, COMMENT_CONTEXT, COMMENT_TIME, LIKES) values (11, 12, 22, 'Proin leo odio, porttitor id, consequat in, consequat ut, nulla. Sed accumsan felis. Ut at dolor quis odio consequat varius.', '2020-11-23', 9);
insert into DENTIST_COMMENT (COMMENT_ID, DENTIST_ID, PRODUCT_ID, COMMENT_CONTEXT, COMMENT_TIME, LIKES) values (12, 11, 40, 'Integer tincidunt ante vel ipsum. Praesent blandit lacinia erat. Vestibulum sed magna at nunc commodo placerat.', '2020-05-27', 10);
insert into DENTIST_COMMENT (COMMENT_ID, DENTIST_ID, PRODUCT_ID, COMMENT_CONTEXT, COMMENT_TIME, LIKES) values (13, 10, 35, 'Maecenas ut massa quis augue luctus tincidunt. Nulla mollis molestie lorem. Quisque ut erat.', '2021-01-10', 20);
insert into DENTIST_COMMENT (COMMENT_ID, DENTIST_ID, PRODUCT_ID, COMMENT_CONTEXT, COMMENT_TIME, LIKES) values (14, 8, 17, 'Integer tincidunt ante vel ipsum. Praesent blandit lacinia erat. Vestibulum sed magna at nunc commodo placerat.', '2020-07-12', 2);
insert into DENTIST_COMMENT (COMMENT_ID, DENTIST_ID, PRODUCT_ID, COMMENT_CONTEXT, COMMENT_TIME, LIKES) values (15, 11, 21, 'Morbi non lectus. Aliquam sit amet diam in magna bibendum imperdiet. Nullam orci pede, venenatis non, sodales sed, tincidunt eu, felis.', '2020-02-12', 14);
insert into DENTIST_COMMENT (COMMENT_ID, DENTIST_ID, PRODUCT_ID, COMMENT_CONTEXT, COMMENT_TIME, LIKES) values (16, 10, 15, 'Quisque porta volutpat erat. Quisque erat eros, viverra eget, congue eget, semper rutrum, nulla. Nunc purus.', '2020-07-01', 10);
insert into DENTIST_COMMENT (COMMENT_ID, DENTIST_ID, PRODUCT_ID, COMMENT_CONTEXT, COMMENT_TIME, LIKES) values (17, 9, 37, 'Proin leo odio, porttitor id, consequat in, consequat ut, nulla. Sed accumsan felis. Ut at dolor quis odio consequat varius.', '2020-07-09', 18);
insert into DENTIST_COMMENT (COMMENT_ID, DENTIST_ID, PRODUCT_ID, COMMENT_CONTEXT, COMMENT_TIME, LIKES) values (18, 7, 5, 'Cras non velit nec nisi vulputate nonummy. Maecenas tincidunt lacus at velit. Vivamus vel nulla eget eros elementum pellentesque.', '2020-04-07', 11);
insert into DENTIST_COMMENT (COMMENT_ID, DENTIST_ID, PRODUCT_ID, COMMENT_CONTEXT, COMMENT_TIME, LIKES) values (19, 13, 10, 'Quisque id justo sit amet sapien dignissim vestibulum. Vestibulum ante ipsum primis in faucibus orci luctus et ultrices posuere cubilia Curae; Nulla dapibus dolor vel est. Donec odio justo, sollicitudin ut, suscipit a, feugiat et, eros.', '2020-08-25', 1);
insert into DENTIST_COMMENT (COMMENT_ID, DENTIST_ID, PRODUCT_ID, COMMENT_CONTEXT, COMMENT_TIME, LIKES) values (20, 10, 15, 'Duis consequat dui nec nisi volutpat eleifend. Donec ut dolor. Morbi vel lectus in quam fringilla rhoncus.', '2020-04-07', 9);

--Insert DENTIST_LIKES
insert into DENTIST_LIKES (DENTIST_ID, COMMENT_ID) values (1, 10);
insert into DENTIST_LIKES (DENTIST_ID, COMMENT_ID) values (2, 8);
insert into DENTIST_LIKES (DENTIST_ID, COMMENT_ID) values (3, 20);
insert into DENTIST_LIKES (DENTIST_ID, COMMENT_ID) values (4, 20);
insert into DENTIST_LIKES (DENTIST_ID, COMMENT_ID) values (5, 12);
insert into DENTIST_LIKES (DENTIST_ID, COMMENT_ID) values (6, 13);
insert into DENTIST_LIKES (DENTIST_ID, COMMENT_ID) values (7, 14);
insert into DENTIST_LIKES (DENTIST_ID, COMMENT_ID) values (8, 10);
insert into DENTIST_LIKES (DENTIST_ID, COMMENT_ID) values (9, 15);
insert into DENTIST_LIKES (DENTIST_ID, COMMENT_ID) values (10, 14);
insert into DENTIST_LIKES (DENTIST_ID, COMMENT_ID) values (11, 15);
insert into DENTIST_LIKES (DENTIST_ID, COMMENT_ID) values (12, 16);
insert into DENTIST_LIKES (DENTIST_ID, COMMENT_ID) values (13, 8);
insert into DENTIST_LIKES (DENTIST_ID, COMMENT_ID) values (14, 20);
insert into DENTIST_LIKES (DENTIST_ID, COMMENT_ID) values (15, 5);
insert into DENTIST_LIKES (DENTIST_ID, COMMENT_ID) values (16, 11);
insert into DENTIST_LIKES (DENTIST_ID, COMMENT_ID) values (17, 17);
insert into DENTIST_LIKES (DENTIST_ID, COMMENT_ID) values (18, 2);
insert into DENTIST_LIKES (DENTIST_ID, COMMENT_ID) values (19, 5);
insert into DENTIST_LIKES (DENTIST_ID, COMMENT_ID) values (20, 13);











